Record Length,2.500000e+03,,   0.001485098000,   0.00000,
Sample Interval,2.000000e-10,,   0.001485098200,  -0.00200,
Trigger Point,-7.425490000000e+06,,   0.001485098400,  -0.00200,
,,,   0.001485098600,  -0.00200,
,,,   0.001485098800,  -0.00200,
,,,   0.001485099000,  -0.00200,
Source,CH1,,   0.001485099200,  -0.00200,
Vertical Units,V,,   0.001485099400,  -0.00200,
Vertical Scale,5.000000e-02,,   0.001485099600,  -0.00200,
Vertical Offset,-8.200000e-02,,   0.001485099800,  -0.00200,
Horizontal Units,s,,   0.001485100000,  -0.00200,
Horizontal Scale,5.000000e-08,,   0.001485100200,   0.00000,
Pt Fmt,Y,,   0.001485100400,   0.00000,
Yzero,0.000000e+00,,   0.001485100600,   0.00200,
Probe Atten,1.000000e+00,,   0.001485100800,   0.00200,
Model Number,TDS2022C,,   0.001485101000,   0.00200,
Serial Number,C011431,,   0.001485101200,   0.00200,
Firmware Version,FV:v24.09,,   0.001485101400,   0.00200,
,,,0.001485101600,   0.00400,
,,,0.001485101800,   0.00200,
,,,0.001485102000,   0.00200,
,,,0.001485102200,   0.00000,
,,,0.001485102400,  -0.00200,
,,,0.001485102600,  -0.00200,
,,,0.001485102800,  -0.00400,
,,,0.001485103000,  -0.00400,
,,,0.001485103200,  -0.00400,
,,,0.001485103400,  -0.00600,
,,,0.001485103600,  -0.00400,
,,,0.001485103800,  -0.00400,
,,,0.001485104000,  -0.00400,
,,,0.001485104200,  -0.00200,
,,,0.001485104400,  -0.00200,
,,,0.001485104600,  -0.00200,
,,,0.001485104800,  -0.00200,
,,,0.001485105000,  -0.00200,
,,,0.001485105200,  -0.00200,
,,,0.001485105400,  -0.00200,
,,,0.001485105600,   0.00000,
,,,0.001485105800,  -0.00200,
,,,0.001485106000,  -0.00200,
,,,0.001485106200,  -0.00400,
,,,0.001485106400,  -0.00400,
,,,0.001485106600,  -0.00400,
,,,0.001485106800,  -0.00400,
,,,0.001485107000,  -0.00200,
,,,0.001485107200,   0.00000,
,,,0.001485107400,   0.00000,
,,,0.001485107600,   0.00200,
,,,0.001485107800,   0.00200,
,,,0.001485108000,   0.00200,
,,,0.001485108200,   0.00000,
,,,0.001485108400,   0.00000,
,,,0.001485108600,   0.00000,
,,,0.001485108800,   0.00000,
,,,0.001485109000,   0.00000,
,,,0.001485109200,   0.00200,
,,,0.001485109400,   0.00000,
,,,0.001485109600,   0.00000,
,,,0.001485109800,  -0.00200,
,,,0.001485110000,  -0.00200,
,,,0.001485110200,  -0.00200,
,,,0.001485110400,   0.00000,
,,,0.001485110600,   0.00200,
,,,0.001485110800,   0.00200,
,,,0.001485111000,   0.00200,
,,,0.001485111200,   0.00000,
,,,0.001485111400,   0.00000,
,,,0.001485111600,   0.00000,
,,,0.001485111800,   0.00000,
,,,0.001485112000,   0.00000,
,,,0.001485112200,   0.00000,
,,,0.001485112400,   0.00000,
,,,0.001485112600,   0.00000,
,,,0.001485112800,  -0.00200,
,,,0.001485113000,  -0.00200,
,,,0.001485113200,  -0.00400,
,,,0.001485113400,  -0.00400,
,,,0.001485113600,  -0.00400,
,,,0.001485113800,  -0.00400,
,,,0.001485114000,  -0.00400,
,,,0.001485114200,  -0.00200,
,,,0.001485114400,  -0.00200,
,,,0.001485114600,  -0.00200,
,,,0.001485114800,  -0.00200,
,,,0.001485115000,  -0.00200,
,,,0.001485115200,   0.00000,
,,,0.001485115400,   0.00000,
,,,0.001485115600,   0.00000,
,,,0.001485115800,   0.00000,
,,,0.001485116000,   0.00000,
,,,0.001485116200,   0.00000,
,,,0.001485116400,   0.00000,
,,,0.001485116600,   0.00000,
,,,0.001485116800,   0.00000,
,,,0.001485117000,   0.00000,
,,,0.001485117200,   0.00000,
,,,0.001485117400,   0.00000,
,,,0.001485117600,   0.00000,
,,,0.001485117800,   0.00000,
,,,0.001485118000,   0.00000,
,,,0.001485118200,   0.00200,
,,,0.001485118400,   0.00200,
,,,0.001485118600,   0.00200,
,,,0.001485118800,   0.00200,
,,,0.001485119000,   0.00200,
,,,0.001485119200,   0.00200,
,,,0.001485119400,   0.00200,
,,,0.001485119600,   0.00200,
,,,0.001485119800,   0.00000,
,,,0.001485120000,   0.00000,
,,,0.001485120200,   0.00000,
,,,0.001485120400,   0.00000,
,,,0.001485120600,   0.00200,
,,,0.001485120800,   0.00200,
,,,0.001485121000,   0.00200,
,,,0.001485121200,   0.00000,
,,,0.001485121400,  -0.00200,
,,,0.001485121600,  -0.00200,
,,,0.001485121800,  -0.00400,
,,,0.001485122000,  -0.00200,
,,,0.001485122200,  -0.00200,
,,,0.001485122400,  -0.00200,
,,,0.001485122600,  -0.00200,
,,,0.001485122800,  -0.00200,
,,,0.001485123000,  -0.00200,
,,,0.001485123200,   0.00000,
,,,0.001485123400,   0.00000,
,,,0.001485123600,   0.00000,
,,,0.001485123800,   0.00000,
,,,0.001485124000,   0.00000,
,,,0.001485124200,   0.00000,
,,,0.001485124400,   0.00000,
,,,0.001485124600,   0.00000,
,,,0.001485124800,   0.00000,
,,,0.001485125000,   0.00000,
,,,0.001485125200,   0.00000,
,,,0.001485125400,   0.00000,
,,,0.001485125600,   0.00000,
,,,0.001485125800,  -0.00200,
,,,0.001485126000,   0.00000,
,,,0.001485126200,   0.00000,
,,,0.001485126400,   0.00000,
,,,0.001485126600,   0.00200,
,,,0.001485126800,   0.00000,
,,,0.001485127000,   0.00000,
,,,0.001485127200,   0.00000,
,,,0.001485127400,   0.00000,
,,,0.001485127600,   0.00000,
,,,0.001485127800,   0.00000,
,,,0.001485128000,   0.00000,
,,,0.001485128200,   0.00000,
,,,0.001485128400,   0.00000,
,,,0.001485128600,   0.00000,
,,,0.001485128800,   0.00000,
,,,0.001485129000,   0.00000,
,,,0.001485129200,  -0.00200,
,,,0.001485129400,  -0.00200,
,,,0.001485129600,  -0.00200,
,,,0.001485129800,  -0.00400,
,,,0.001485130000,  -0.00200,
,,,0.001485130200,  -0.00200,
,,,0.001485130400,  -0.00200,
,,,0.001485130600,   0.00000,
,,,0.001485130800,   0.00000,
,,,0.001485131000,   0.00000,
,,,0.001485131200,   0.00000,
,,,0.001485131400,   0.00000,
,,,0.001485131600,   0.00200,
,,,0.001485131800,   0.00200,
,,,0.001485132000,   0.00200,
,,,0.001485132200,   0.00000,
,,,0.001485132400,   0.00000,
,,,0.001485132600,   0.00000,
,,,0.001485132800,   0.00000,
,,,0.001485133000,   0.00000,
,,,0.001485133200,   0.00000,
,,,0.001485133400,   0.00000,
,,,0.001485133600,   0.00000,
,,,0.001485133800,  -0.00200,
,,,0.001485134000,   0.00000,
,,,0.001485134200,   0.00000,
,,,0.001485134400,   0.00000,
,,,0.001485134600,   0.00200,
,,,0.001485134800,   0.00000,
,,,0.001485135000,   0.00000,
,,,0.001485135200,   0.00000,
,,,0.001485135400,  -0.00200,
,,,0.001485135600,   0.00000,
,,,0.001485135800,   0.00000,
,,,0.001485136000,   0.00000,
,,,0.001485136200,   0.00200,
,,,0.001485136400,   0.00000,
,,,0.001485136600,   0.00000,
,,,0.001485136800,  -0.00200,
,,,0.001485137000,  -0.00200,
,,,0.001485137200,  -0.00200,
,,,0.001485137400,  -0.00200,
,,,0.001485137600,   0.00000,
,,,0.001485137800,  -0.00200,
,,,0.001485138000,  -0.00200,
,,,0.001485138200,  -0.00200,
,,,0.001485138400,  -0.00400,
,,,0.001485138600,  -0.00200,
,,,0.001485138800,  -0.00200,
,,,0.001485139000,  -0.00200,
,,,0.001485139200,  -0.00200,
,,,0.001485139400,  -0.00200,
,,,0.001485139600,  -0.00200,
,,,0.001485139800,  -0.00200,
,,,0.001485140000,  -0.00200,
,,,0.001485140200,   0.00000,
,,,0.001485140400,   0.00000,
,,,0.001485140600,   0.00200,
,,,0.001485140800,   0.00200,
,,,0.001485141000,   0.00200,
,,,0.001485141200,   0.00000,
,,,0.001485141400,   0.00000,
,,,0.001485141600,   0.00000,
,,,0.001485141800,  -0.00200,
,,,0.001485142000,   0.00000,
,,,0.001485142200,   0.00000,
,,,0.001485142400,   0.00000,
,,,0.001485142600,   0.00200,
,,,0.001485142800,   0.00200,
,,,0.001485143000,   0.00200,
,,,0.001485143200,   0.00200,
,,,0.001485143400,   0.00200,
,,,0.001485143600,   0.00200,
,,,0.001485143800,   0.00200,
,,,0.001485144000,   0.00200,
,,,0.001485144200,   0.00000,
,,,0.001485144400,   0.00000,
,,,0.001485144600,   0.00000,
,,,0.001485144800,   0.00000,
,,,0.001485145000,   0.00000,
,,,0.001485145200,   0.00000,
,,,0.001485145400,   0.00000,
,,,0.001485145600,   0.00000,
,,,0.001485145800,  -0.00200,
,,,0.001485146000,   0.00000,
,,,0.001485146200,   0.00000,
,,,0.001485146400,   0.00000,
,,,0.001485146600,   0.00200,
,,,0.001485146800,   0.00200,
,,,0.001485147000,   0.00200,
,,,0.001485147200,   0.00200,
,,,0.001485147400,   0.00200,
,,,0.001485147600,   0.00200,
,,,0.001485147800,   0.00000,
,,,0.001485148000,   0.00000,
,,,0.001485148200,   0.00000,
,,,0.001485148400,   0.00000,
,,,0.001485148600,   0.00000,
,,,0.001485148800,  -0.00200,
,,,0.001485149000,  -0.00200,
,,,0.001485149200,  -0.00200,
,,,0.001485149400,  -0.00200,
,,,0.001485149600,   0.00000,
,,,0.001485149800,   0.00000,
,,,0.001485150000,   0.00000,
,,,0.001485150200,   0.00000,
,,,0.001485150400,   0.00000,
,,,0.001485150600,   0.00200,
,,,0.001485150800,   0.00000,
,,,0.001485151000,   0.00000,
,,,0.001485151200,   0.00000,
,,,0.001485151400,   0.00000,
,,,0.001485151600,   0.00000,
,,,0.001485151800,   0.00000,
,,,0.001485152000,   0.00000,
,,,0.001485152200,   0.00000,
,,,0.001485152400,   0.00000,
,,,0.001485152600,   0.00200,
,,,0.001485152800,   0.00000,
,,,0.001485153000,   0.00000,
,,,0.001485153200,  -0.00200,
,,,0.001485153400,  -0.00200,
,,,0.001485153600,  -0.00200,
,,,0.001485153800,  -0.00200,
,,,0.001485154000,  -0.00200,
,,,0.001485154200,   0.00000,
,,,0.001485154400,   0.00000,
,,,0.001485154600,   0.00000,
,,,0.001485154800,   0.00000,
,,,0.001485155000,   0.00000,
,,,0.001485155200,   0.00200,
,,,0.001485155400,   0.00200,
,,,0.001485155600,   0.00200,
,,,0.001485155800,   0.00000,
,,,0.001485156000,  -0.00200,
,,,0.001485156200,  -0.00400,
,,,0.001485156400,  -0.00400,
,,,0.001485156600,  -0.00200,
,,,0.001485156800,  -0.00200,
,,,0.001485157000,  -0.00200,
,,,0.001485157200,   0.00000,
,,,0.001485157400,   0.00000,
,,,0.001485157600,   0.00200,
,,,0.001485157800,   0.00000,
,,,0.001485158000,  -0.00200,
,,,0.001485158200,  -0.00400,
,,,0.001485158400,  -0.00400,
,,,0.001485158600,  -0.00200,
,,,0.001485158800,  -0.00200,
,,,0.001485159000,  -0.00200,
,,,0.001485159200,  -0.00200,
,,,0.001485159400,  -0.00200,
,,,0.001485159600,  -0.00200,
,,,0.001485159800,  -0.00200,
,,,0.001485160000,  -0.00200,
,,,0.001485160200,  -0.00200,
,,,0.001485160400,  -0.00200,
,,,0.001485160600,  -0.00200,
,,,0.001485160800,  -0.00200,
,,,0.001485161000,  -0.00200,
,,,0.001485161200,   0.00000,
,,,0.001485161400,   0.00000,
,,,0.001485161600,   0.00000,
,,,0.001485161800,  -0.00200,
,,,0.001485162000,  -0.00200,
,,,0.001485162200,  -0.00200,
,,,0.001485162400,  -0.00400,
,,,0.001485162600,  -0.00200,
,,,0.001485162800,  -0.00200,
,,,0.001485163000,  -0.00200,
,,,0.001485163200,   0.00000,
,,,0.001485163400,   0.00000,
,,,0.001485163600,   0.00200,
,,,0.001485163800,   0.00000,
,,,0.001485164000,   0.00000,
,,,0.001485164200,  -0.00200,
,,,0.001485164400,  -0.00200,
,,,0.001485164600,  -0.00200,
,,,0.001485164800,  -0.00200,
,,,0.001485165000,  -0.00200,
,,,0.001485165200,  -0.00400,
,,,0.001485165400,  -0.00400,
,,,0.001485165600,  -0.00400,
,,,0.001485165800,  -0.00400,
,,,0.001485166000,  -0.00400,
,,,0.001485166200,  -0.00200,
,,,0.001485166400,  -0.00200,
,,,0.001485166600,   0.00000,
,,,0.001485166800,  -0.00200,
,,,0.001485167000,  -0.00200,
,,,0.001485167200,  -0.00200,
,,,0.001485167400,  -0.00200,
,,,0.001485167600,   0.00000,
,,,0.001485167800,   0.00000,
,,,0.001485168000,   0.00000,
,,,0.001485168200,  -0.00200,
,,,0.001485168400,  -0.00200,
,,,0.001485168600,  -0.00200,
,,,0.001485168800,  -0.00200,
,,,0.001485169000,  -0.00200,
,,,0.001485169200,  -0.00200,
,,,0.001485169400,  -0.00200,
,,,0.001485169600,  -0.00200,
,,,0.001485169800,  -0.00400,
,,,0.001485170000,  -0.00200,
,,,0.001485170200,  -0.00200,
,,,0.001485170400,  -0.00200,
,,,0.001485170600,   0.00000,
,,,0.001485170800,   0.00000,
,,,0.001485171000,   0.00000,
,,,0.001485171200,   0.00000,
,,,0.001485171400,   0.00000,
,,,0.001485171600,   0.00000,
,,,0.001485171800,   0.00000,
,,,0.001485172000,   0.00000,
,,,0.001485172200,  -0.00200,
,,,0.001485172400,  -0.00200,
,,,0.001485172600,  -0.00200,
,,,0.001485172800,  -0.00400,
,,,0.001485173000,  -0.00400,
,,,0.001485173200,  -0.00200,
,,,0.001485173400,   0.00000,
,,,0.001485173600,   0.00200,
,,,0.001485173800,   0.00200,
,,,0.001485174000,   0.00200,
,,,0.001485174200,   0.00000,
,,,0.001485174400,   0.00000,
,,,0.001485174600,   0.00000,
,,,0.001485174800,   0.00000,
,,,0.001485175000,   0.00000,
,,,0.001485175200,   0.00000,
,,,0.001485175400,   0.00000,
,,,0.001485175600,   0.00000,
,,,0.001485175800,  -0.00200,
,,,0.001485176000,   0.00000,
,,,0.001485176200,   0.00000,
,,,0.001485176400,   0.00000,
,,,0.001485176600,   0.00200,
,,,0.001485176800,   0.00200,
,,,0.001485177000,   0.00200,
,,,0.001485177200,   0.00200,
,,,0.001485177400,   0.00200,
,,,0.001485177600,   0.00200,
,,,0.001485177800,   0.00200,
,,,0.001485178000,   0.00200,
,,,0.001485178200,   0.00000,
,,,0.001485178400,   0.00000,
,,,0.001485178600,   0.00000,
,,,0.001485178800,  -0.00200,
,,,0.001485179000,   0.00000,
,,,0.001485179200,   0.00000,
,,,0.001485179400,   0.00000,
,,,0.001485179600,   0.00200,
,,,0.001485179800,   0.00000,
,,,0.001485180000,   0.00000,
,,,0.001485180200,   0.00000,
,,,0.001485180400,  -0.00200,
,,,0.001485180600,   0.00000,
,,,0.001485180800,   0.00000,
,,,0.001485181000,   0.00000,
,,,0.001485181200,   0.00000,
,,,0.001485181400,   0.00000,
,,,0.001485181600,   0.00000,
,,,0.001485181800,  -0.00200,
,,,0.001485182000,   0.00000,
,,,0.001485182200,   0.00000,
,,,0.001485182400,   0.00000,
,,,0.001485182600,   0.00200,
,,,0.001485182800,   0.00200,
,,,0.001485183000,   0.00200,
,,,0.001485183200,   0.00000,
,,,0.001485183400,   0.00000,
,,,0.001485183600,   0.00000,
,,,0.001485183800,   0.00000,
,,,0.001485184000,   0.00000,
,,,0.001485184200,  -0.00200,
,,,0.001485184400,  -0.00200,
,,,0.001485184600,  -0.00200,
,,,0.001485184800,  -0.00200,
,,,0.001485185000,  -0.00200,
,,,0.001485185200,  -0.00200,
,,,0.001485185400,  -0.00400,
,,,0.001485185600,  -0.00200,
,,,0.001485185800,  -0.00200,
,,,0.001485186000,   0.00000,
,,,0.001485186200,   0.00200,
,,,0.001485186400,   0.00200,
,,,0.001485186600,   0.00200,
,,,0.001485186800,   0.00200,
,,,0.001485187000,   0.00200,
,,,0.001485187200,   0.00200,
,,,0.001485187400,   0.00200,
,,,0.001485187600,   0.00200,
,,,0.001485187800,   0.00000,
,,,0.001485188000,   0.00000,
,,,0.001485188200,   0.00000,
,,,0.001485188400,  -0.00200,
,,,0.001485188600,   0.00000,
,,,0.001485188800,   0.00000,
,,,0.001485189000,   0.00000,
,,,0.001485189200,   0.00200,
,,,0.001485189400,   0.00200,
,,,0.001485189600,   0.00200,
,,,0.001485189800,   0.00200,
,,,0.001485190000,   0.00200,
,,,0.001485190200,   0.00000,
,,,0.001485190400,   0.00000,
,,,0.001485190600,   0.00000,
,,,0.001485190800,   0.00000,
,,,0.001485191000,   0.00000,
,,,0.001485191200,   0.00000,
,,,0.001485191400,  -0.00200,
,,,0.001485191600,  -0.00200,
,,,0.001485191800,  -0.00400,
,,,0.001485192000,  -0.00600,
,,,0.001485192200,  -0.00800,
,,,0.001485192400,  -0.00800,
,,,0.001485192600,  -0.00600,
,,,0.001485192800,  -0.00600,
,,,0.001485193000,  -0.00600,
,,,0.001485193200,  -0.00400,
,,,0.001485193400,  -0.00400,
,,,0.001485193600,  -0.00200,
,,,0.001485193800,  -0.00200,
,,,0.001485194000,  -0.00200,
,,,0.001485194200,  -0.00200,
,,,0.001485194400,  -0.00200,
,,,0.001485194600,   0.00000,
,,,0.001485194800,   0.00000,
,,,0.001485195000,   0.00000,
,,,0.001485195200,   0.00200,
,,,0.001485195400,   0.00200,
,,,0.001485195600,   0.00200,
,,,0.001485195800,   0.00000,
,,,0.001485196000,   0.00000,
,,,0.001485196200,   0.00000,
,,,0.001485196400,   0.00000,
,,,0.001485196600,   0.00000,
,,,0.001485196800,   0.00000,
,,,0.001485197000,   0.00000,
,,,0.001485197200,  -0.00200,
,,,0.001485197400,  -0.00200,
,,,0.001485197600,  -0.00200,
,,,0.001485197800,  -0.00200,
,,,0.001485198000,  -0.00200,
,,,0.001485198200,   0.00000,
,,,0.001485198400,   0.00000,
,,,0.001485198600,   0.00200,
,,,0.001485198800,   0.00200,
,,,0.001485199000,   0.00200,
,,,0.001485199200,   0.00200,
,,,0.001485199400,   0.00200,
,,,0.001485199600,   0.00200,
,,,0.001485199800,   0.00000,
,,,0.001485200000,   0.00000,
,,,0.001485200200,   0.00000,
,,,0.001485200400,   0.00000,
,,,0.001485200600,   0.00000,
,,,0.001485200800,   0.00000,
,,,0.001485201000,   0.00000,
,,,0.001485201200,  -0.00200,
,,,0.001485201400,  -0.00200,
,,,0.001485201600,  -0.00200,
,,,0.001485201800,  -0.00200,
,,,0.001485202000,  -0.00200,
,,,0.001485202200,  -0.00200,
,,,0.001485202400,  -0.00200,
,,,0.001485202600,  -0.00200,
,,,0.001485202800,  -0.00200,
,,,0.001485203000,  -0.00200,
,,,0.001485203200,   0.00000,
,,,0.001485203400,   0.00000,
,,,0.001485203600,   0.00000,
,,,0.001485203800,   0.00000,
,,,0.001485204000,   0.00000,
,,,0.001485204200,   0.00200,
,,,0.001485204400,   0.00200,
,,,0.001485204600,   0.00200,
,,,0.001485204800,   0.00000,
,,,0.001485205000,   0.00000,
,,,0.001485205200,   0.00000,
,,,0.001485205400,   0.00000,
,,,0.001485205600,   0.00000,
,,,0.001485205800,   0.00000,
,,,0.001485206000,   0.00000,
,,,0.001485206200,   0.00000,
,,,0.001485206400,   0.00000,
,,,0.001485206600,   0.00000,
,,,0.001485206800,   0.00000,
,,,0.001485207000,   0.00000,
,,,0.001485207200,   0.00000,
,,,0.001485207400,   0.00000,
,,,0.001485207600,   0.00000,
,,,0.001485207800,   0.00000,
,,,0.001485208000,   0.00000,
,,,0.001485208200,   0.00200,
,,,0.001485208400,   0.00000,
,,,0.001485208600,   0.00000,
,,,0.001485208800,  -0.00200,
,,,0.001485209000,  -0.00400,
,,,0.001485209200,  -0.00600,
,,,0.001485209400,  -0.00600,
,,,0.001485209600,  -0.00400,
,,,0.001485209800,  -0.00400,
,,,0.001485210000,  -0.00400,
,,,0.001485210200,  -0.00200,
,,,0.001485210400,   0.00000,
,,,0.001485210600,   0.00200,
,,,0.001485210800,   0.00000,
,,,0.001485211000,   0.00000,
,,,0.001485211200,  -0.00200,
,,,0.001485211400,  -0.00200,
,,,0.001485211600,  -0.00200,
,,,0.001485211800,  -0.00400,
,,,0.001485212000,  -0.00200,
,,,0.001485212200,  -0.00200,
,,,0.001485212400,  -0.00200,
,,,0.001485212600,   0.00000,
,,,0.001485212800,   0.00000,
,,,0.001485213000,   0.00000,
,,,0.001485213200,   0.00000,
,,,0.001485213400,   0.00000,
,,,0.001485213600,   0.00000,
,,,0.001485213800,   0.00000,
,,,0.001485214000,   0.00000,
,,,0.001485214200,   0.00000,
,,,0.001485214400,   0.00000,
,,,0.001485214600,   0.00000,
,,,0.001485214800,  -0.00200,
,,,0.001485215000,  -0.00200,
,,,0.001485215200,  -0.00200,
,,,0.001485215400,  -0.00200,
,,,0.001485215600,   0.00000,
,,,0.001485215800,   0.00000,
,,,0.001485216000,   0.00200,
,,,0.001485216200,   0.00000,
,,,0.001485216400,   0.00000,
,,,0.001485216600,   0.00000,
,,,0.001485216800,   0.00000,
,,,0.001485217000,   0.00000,
,,,0.001485217200,   0.00000,
,,,0.001485217400,   0.00000,
,,,0.001485217600,   0.00000,
,,,0.001485217800,   0.00000,
,,,0.001485218000,   0.00000,
,,,0.001485218200,   0.00000,
,,,0.001485218400,   0.00000,
,,,0.001485218600,   0.00000,
,,,0.001485218800,   0.00000,
,,,0.001485219000,   0.00000,
,,,0.001485219200,   0.00000,
,,,0.001485219400,   0.00000,
,,,0.001485219600,   0.00000,
,,,0.001485219800,   0.00000,
,,,0.001485220000,   0.00000,
,,,0.001485220200,   0.00200,
,,,0.001485220400,   0.00200,
,,,0.001485220600,   0.00200,
,,,0.001485220800,   0.00000,
,,,0.001485221000,   0.00000,
,,,0.001485221200,   0.00000,
,,,0.001485221400,   0.00000,
,,,0.001485221600,   0.00000,
,,,0.001485221800,   0.00000,
,,,0.001485222000,   0.00000,
,,,0.001485222200,   0.00000,
,,,0.001485222400,   0.00000,
,,,0.001485222600,   0.00000,
,,,0.001485222800,   0.00000,
,,,0.001485223000,   0.00000,
,,,0.001485223200,   0.00000,
,,,0.001485223400,   0.00000,
,,,0.001485223600,   0.00000,
,,,0.001485223800,   0.00000,
,,,0.001485224000,   0.00000,
,,,0.001485224200,   0.00000,
,,,0.001485224400,   0.00000,
,,,0.001485224600,   0.00000,
,,,0.001485224800,  -0.00200,
,,,0.001485225000,  -0.00200,
,,,0.001485225200,  -0.00200,
,,,0.001485225400,  -0.00400,
,,,0.001485225600,  -0.00200,
,,,0.001485225800,  -0.00200,
,,,0.001485226000,  -0.00200,
,,,0.001485226200,   0.00000,
,,,0.001485226400,   0.00000,
,,,0.001485226600,   0.00200,
,,,0.001485226800,   0.00200,
,,,0.001485227000,   0.00200,
,,,0.001485227200,   0.00000,
,,,0.001485227400,   0.00000,
,,,0.001485227600,   0.00000,
,,,0.001485227800,   0.00000,
,,,0.001485228000,   0.00000,
,,,0.001485228200,   0.00000,
,,,0.001485228400,   0.00000,
,,,0.001485228600,   0.00000,
,,,0.001485228800,  -0.00200,
,,,0.001485229000,   0.00000,
,,,0.001485229200,   0.00000,
,,,0.001485229400,   0.00000,
,,,0.001485229600,   0.00200,
,,,0.001485229800,   0.00000,
,,,0.001485230000,   0.00000,
,,,0.001485230200,   0.00000,
,,,0.001485230400,   0.00000,
,,,0.001485230600,   0.00200,
,,,0.001485230800,   0.00000,
,,,0.001485231000,   0.00000,
,,,0.001485231200,   0.00000,
,,,0.001485231400,  -0.00200,
,,,0.001485231600,   0.00000,
,,,0.001485231800,   0.00000,
,,,0.001485232000,   0.00000,
,,,0.001485232200,   0.00200,
,,,0.001485232400,   0.00200,
,,,0.001485232600,   0.00200,
,,,0.001485232800,   0.00000,
,,,0.001485233000,   0.00000,
,,,0.001485233200,   0.00000,
,,,0.001485233400,   0.00000,
,,,0.001485233600,   0.00200,
,,,0.001485233800,   0.00200,
,,,0.001485234000,   0.00200,
,,,0.001485234200,   0.00000,
,,,0.001485234400,  -0.00200,
,,,0.001485234600,  -0.00200,
,,,0.001485234800,  -0.00400,
,,,0.001485235000,  -0.00400,
,,,0.001485235200,  -0.00200,
,,,0.001485235400,  -0.00200,
,,,0.001485235600,   0.00000,
,,,0.001485235800,   0.00000,
,,,0.001485236000,   0.00000,
,,,0.001485236200,  -0.00200,
,,,0.001485236400,  -0.00200,
,,,0.001485236600,  -0.00200,
,,,0.001485236800,  -0.00200,
,,,0.001485237000,  -0.00200,
,,,0.001485237200,   0.00000,
,,,0.001485237400,   0.00000,
,,,0.001485237600,   0.00200,
,,,0.001485237800,   0.00000,
,,,0.001485238000,   0.00000,
,,,0.001485238200,   0.00000,
,,,0.001485238400,   0.00000,
,,,0.001485238600,   0.00200,
,,,0.001485238800,   0.00000,
,,,0.001485239000,   0.00000,
,,,0.001485239200,   0.00000,
,,,0.001485239400,   0.00000,
,,,0.001485239600,   0.00000,
,,,0.001485239800,   0.00000,
,,,0.001485240000,   0.00000,
,,,0.001485240200,  -0.00200,
,,,0.001485240400,  -0.00200,
,,,0.001485240600,  -0.00200,
,,,0.001485240800,  -0.00200,
,,,0.001485241000,  -0.00200,
,,,0.001485241200,  -0.00200,
,,,0.001485241400,  -0.00200,
,,,0.001485241600,  -0.00200,
,,,0.001485241800,  -0.00200,
,,,0.001485242000,  -0.00200,
,,,0.001485242200,  -0.00200,
,,,0.001485242400,  -0.00200,
,,,0.001485242600,   0.00000,
,,,0.001485242800,   0.00000,
,,,0.001485243000,   0.00000,
,,,0.001485243200,  -0.00200,
,,,0.001485243400,  -0.00200,
,,,0.001485243600,  -0.00200,
,,,0.001485243800,  -0.00200,
,,,0.001485244000,  -0.00200,
,,,0.001485244200,  -0.00200,
,,,0.001485244400,  -0.00200,
,,,0.001485244600,  -0.00200,
,,,0.001485244800,  -0.00200,
,,,0.001485245000,  -0.00200,
,,,0.001485245200,  -0.00200,
,,,0.001485245400,  -0.00200,
,,,0.001485245600,  -0.00200,
,,,0.001485245800,  -0.00200,
,,,0.001485246000,  -0.00200,
,,,0.001485246200,   0.00000,
,,,0.001485246400,   0.00000,
,,,0.001485246600,   0.00000,
,,,0.001485246800,   0.00000,
,,,0.001485247000,   0.00000,
,,,0.001485247200,   0.00000,
,,,0.001485247400,   0.00000,
,,,0.001485247600,   0.00000,
,,,0.001485247800,  -0.00200,
,,,0.001485248000,  -0.00200,
,,,0.001485248200,  -0.00200,
,,,0.001485248400,   0.00000,
,,,0.001485248600,   0.00200,
,,,0.001485248800,   0.00200,
,,,0.001485249000,   0.00200,
,,,0.001485249200,   0.00000,
,,,0.001485249400,   0.00000,
,,,0.001485249600,   0.00000,
,,,0.001485249800,   0.00000,
,,,0.001485250000,   0.00000,
,,,0.001485250200,   0.00200,
,,,0.001485250400,   0.00200,
,,,0.001485250600,   0.00200,
,,,0.001485250800,   0.00000,
,,,0.001485251000,  -0.00200,
,,,0.001485251200,  -0.00400,
,,,0.001485251400,  -0.00400,
,,,0.001485251600,  -0.00400,
,,,0.001485251800,  -0.00400,
,,,0.001485252000,  -0.00200,
,,,0.001485252200,   0.00000,
,,,0.001485252400,   0.00000,
,,,0.001485252600,   0.00200,
,,,0.001485252800,   0.00000,
,,,0.001485253000,   0.00000,
,,,0.001485253200,   0.00000,
,,,0.001485253400,   0.00000,
,,,0.001485253600,   0.00200,
,,,0.001485253800,   0.00200,
,,,0.001485254000,   0.00200,
,,,0.001485254200,   0.00000,
,,,0.001485254400,  -0.00200,
,,,0.001485254600,  -0.00200,
,,,0.001485254800,  -0.00400,
,,,0.001485255000,  -0.00400,
,,,0.001485255200,  -0.00400,
,,,0.001485255400,  -0.00400,
,,,0.001485255600,  -0.00200,
,,,0.001485255800,  -0.00200,
,,,0.001485256000,   0.00000,
,,,0.001485256200,  -0.00200,
,,,0.001485256400,  -0.00200,
,,,0.001485256600,  -0.00200,
,,,0.001485256800,  -0.00200,
,,,0.001485257000,  -0.00200,
,,,0.001485257200,   0.00000,
,,,0.001485257400,  -0.00200,
,,,0.001485257600,  -0.00200,
,,,0.001485257800,  -0.00400,
,,,0.001485258000,  -0.00400,
,,,0.001485258200,  -0.00400,
,,,0.001485258400,  -0.00400,
,,,0.001485258600,  -0.00200,
,,,0.001485258800,   0.00000,
,,,0.001485259000,   0.00200,
,,,0.001485259200,   0.00400,
,,,0.001485259400,   0.00400,
,,,0.001485259600,   0.00400,
,,,0.001485259800,   0.00200,
,,,0.001485260000,   0.00200,
,,,0.001485260200,   0.00000,
,,,0.001485260400,   0.00000,
,,,0.001485260600,  -0.00200,
,,,0.001485260800,  -0.00600,
,,,0.001485261000,  -0.00800,
,,,0.001485261200,  -0.01000,
,,,0.001485261400,  -0.01200,
,,,0.001485261600,  -0.01200,
,,,0.001485261800,  -0.01400,
,,,0.001485262000,  -0.01400,
,,,0.001485262200,  -0.01400,
,,,0.001485262400,  -0.01400,
,,,0.001485262600,  -0.01200,
,,,0.001485262800,  -0.01000,
,,,0.001485263000,  -0.00600,
,,,0.001485263200,  -0.00400,
,,,0.001485263400,  -0.00200,
,,,0.001485263600,   0.00200,
,,,0.001485263800,   0.00400,
,,,0.001485264000,   0.00600,
,,,0.001485264200,   0.00800,
,,,0.001485264400,   0.00800,
,,,0.001485264600,   0.00800,
,,,0.001485264800,   0.00600,
,,,0.001485265000,   0.00600,
,,,0.001485265200,   0.00400,
,,,0.001485265400,   0.00400,
,,,0.001485265600,   0.00200,
,,,0.001485265800,  -0.00200,
,,,0.001485266000,  -0.00400,
,,,0.001485266200,  -0.00600,
,,,0.001485266400,  -0.00600,
,,,0.001485266600,  -0.00400,
,,,0.001485266800,  -0.00400,
,,,0.001485267000,  -0.00400,
,,,0.001485267200,  -0.00200,
,,,0.001485267400,   0.00000,
,,,0.001485267600,   0.00200,
,,,0.001485267800,   0.00200,
,,,0.001485268000,   0.00400,
,,,0.001485268200,   0.00600,
,,,0.001485268400,   0.00600,
,,,0.001485268600,   0.00800,
,,,0.001485268800,   0.00600,
,,,0.001485269000,   0.00600,
,,,0.001485269200,   0.00400,
,,,0.001485269400,   0.00200,
,,,0.001485269600,   0.00200,
,,,0.001485269800,   0.00000,
,,,0.001485270000,  -0.00200,
,,,0.001485270200,  -0.00400,
,,,0.001485270400,  -0.00600,
,,,0.001485270600,  -0.00600,
,,,0.001485270800,  -0.00800,
,,,0.001485271000,  -0.00800,
,,,0.001485271200,  -0.00600,
,,,0.001485271400,  -0.00400,
,,,0.001485271600,  -0.00200,
,,,0.001485271800,  -0.00200,
,,,0.001485272000,   0.00000,
,,,0.001485272200,   0.00200,
,,,0.001485272400,   0.00400,
,,,0.001485272600,   0.00600,
,,,0.001485272800,   0.00600,
,,,0.001485273000,   0.00600,
,,,0.001485273200,   0.00400,
,,,0.001485273400,   0.00200,
,,,0.001485273600,   0.00200,
,,,0.001485273800,   0.00000,
,,,0.001485274000,   0.00000,
,,,0.001485274200,   0.00000,
,,,0.001485274400,   0.00000,
,,,0.001485274600,   0.00000,
,,,0.001485274800,  -0.00200,
,,,0.001485275000,  -0.00200,
,,,0.001485275200,  -0.00200,
,,,0.001485275400,  -0.00200,
,,,0.001485275600,   0.00000,
,,,0.001485275800,  -0.00200,
,,,0.001485276000,  -0.00200,
,,,0.001485276200,  -0.00200,
,,,0.001485276400,  -0.00200,
,,,0.001485276600,   0.00000,
,,,0.001485276800,   0.00000,
,,,0.001485277000,   0.00000,
,,,0.001485277200,   0.00000,
,,,0.001485277400,   0.00000,
,,,0.001485277600,   0.00200,
,,,0.001485277800,   0.00200,
,,,0.001485278000,   0.00200,
,,,0.001485278200,   0.00200,
,,,0.001485278400,   0.00200,
,,,0.001485278600,   0.00200,
,,,0.001485278800,   0.00200,
,,,0.001485279000,   0.00200,
,,,0.001485279200,   0.00000,
,,,0.001485279400,   0.00000,
,,,0.001485279600,   0.00000,
,,,0.001485279800,  -0.00200,
,,,0.001485280000,  -0.00200,
,,,0.001485280200,  -0.00200,
,,,0.001485280400,  -0.00400,
,,,0.001485280600,  -0.00200,
,,,0.001485280800,  -0.00200,
,,,0.001485281000,  -0.00200,
,,,0.001485281200,   0.00000,
,,,0.001485281400,   0.00000,
,,,0.001485281600,   0.00200,
,,,0.001485281800,   0.00200,
,,,0.001485282000,   0.00400,
,,,0.001485282200,   0.00200,
,,,0.001485282400,   0.00000,
,,,0.001485282600,   0.00000,
,,,0.001485282800,   0.00000,
,,,0.001485283000,   0.00000,
,,,0.001485283200,   0.00200,
,,,0.001485283400,   0.00200,
,,,0.001485283600,   0.00200,
,,,0.001485283800,   0.00000,
,,,0.001485284000,   0.00000,
,,,0.001485284200,   0.00000,
,,,0.001485284400,   0.00000,
,,,0.001485284600,   0.00200,
,,,0.001485284800,   0.00200,
,,,0.001485285000,   0.00200,
,,,0.001485285200,   0.00000,
,,,0.001485285400,  -0.00200,
,,,0.001485285600,  -0.00200,
,,,0.001485285800,  -0.00400,
,,,0.001485286000,  -0.00400,
,,,0.001485286200,  -0.00200,
,,,0.001485286400,  -0.00200,
,,,0.001485286600,   0.00000,
,,,0.001485286800,   0.00000,
,,,0.001485287000,   0.00200,
,,,0.001485287200,   0.00000,
,,,0.001485287400,   0.00000,
,,,0.001485287600,   0.00000,
,,,0.001485287800,   0.00000,
,,,0.001485288000,   0.00200,
,,,0.001485288200,   0.00400,
,,,0.001485288400,   0.00400,
,,,0.001485288600,   0.00400,
,,,0.001485288800,   0.00200,
,,,0.001485289000,   0.00200,
,,,0.001485289200,   0.00200,
,,,0.001485289400,   0.00200,
,,,0.001485289600,   0.00400,
,,,0.001485289800,   0.00400,
,,,0.001485290000,   0.00400,
,,,0.001485290200,   0.00400,
,,,0.001485290400,   0.00400,
,,,0.001485290600,   0.00400,
,,,0.001485290800,   0.00400,
,,,0.001485291000,   0.00400,
,,,0.001485291200,   0.00400,
,,,0.001485291400,   0.00200,
,,,0.001485291600,   0.00400,
,,,0.001485291800,   0.00400,
,,,0.001485292000,   0.00600,
,,,0.001485292200,   0.00800,
,,,0.001485292400,   0.00800,
,,,0.001485292600,   0.00800,
,,,0.001485292800,   0.00600,
,,,0.001485293000,   0.00600,
,,,0.001485293200,   0.00600,
,,,0.001485293400,   0.00600,
,,,0.001485293600,   0.00800,
,,,0.001485293800,   0.00800,
,,,0.001485294000,   0.00800,
,,,0.001485294200,   0.00800,
,,,0.001485294400,   0.00800,
,,,0.001485294600,   0.01000,
,,,0.001485294800,   0.01000,
,,,0.001485295000,   0.01000,
,,,0.001485295200,   0.01200,
,,,0.001485295400,   0.01200,
,,,0.001485295600,   0.01200,
,,,0.001485295800,   0.01200,
,,,0.001485296000,   0.01200,
,,,0.001485296200,   0.01400,
,,,0.001485296400,   0.01400,
,,,0.001485296600,   0.01400,
,,,0.001485296800,   0.01400,
,,,0.001485297000,   0.01400,
,,,0.001485297200,   0.01600,
,,,0.001485297400,   0.01600,
,,,0.001485297600,   0.01800,
,,,0.001485297800,   0.01800,
,,,0.001485298000,   0.01800,
,,,0.001485298200,   0.02000,
,,,0.001485298400,   0.02200,
,,,0.001485298600,   0.02400,
,,,0.001485298800,   0.02200,
,,,0.001485299000,   0.02200,
,,,0.001485299200,   0.02200,
,,,0.001485299400,   0.02200,
,,,0.001485299600,   0.02200,
,,,0.001485299800,   0.02200,
,,,0.001485300000,   0.02200,
,,,0.001485300200,   0.02200,
,,,0.001485300400,   0.02200,
,,,0.001485300600,   0.02400,
,,,0.001485300800,   0.02400,
,,,0.001485301000,   0.02400,
,,,0.001485301200,   0.02400,
,,,0.001485301400,   0.02400,
,,,0.001485301600,   0.02400,
,,,0.001485301800,   0.02400,
,,,0.001485302000,   0.02400,
,,,0.001485302200,   0.02600,
,,,0.001485302400,   0.02600,
,,,0.001485302600,   0.02600,
,,,0.001485302800,   0.02400,
,,,0.001485303000,   0.02600,
,,,0.001485303200,   0.02600,
,,,0.001485303400,   0.02800,
,,,0.001485303600,   0.03000,
,,,0.001485303800,   0.03000,
,,,0.001485304000,   0.03000,
,,,0.001485304200,   0.03000,
,,,0.001485304400,   0.02800,
,,,0.001485304600,   0.03000,
,,,0.001485304800,   0.03000,
,,,0.001485305000,   0.03200,
,,,0.001485305200,   0.03400,
,,,0.001485305400,   0.03400,
,,,0.001485305600,   0.03400,
,,,0.001485305800,   0.03400,
,,,0.001485306000,   0.03400,
,,,0.001485306200,   0.03600,
,,,0.001485306400,   0.03800,
,,,0.001485306600,   0.04000,
,,,0.001485306800,   0.04000,
,,,0.001485307000,   0.04200,
,,,0.001485307200,   0.04400,
,,,0.001485307400,   0.04600,
,,,0.001485307600,   0.04800,
,,,0.001485307800,   0.04800,
,,,0.001485308000,   0.05000,
,,,0.001485308200,   0.05200,
,,,0.001485308400,   0.05400,
,,,0.001485308600,   0.05600,
,,,0.001485308800,   0.05800,
,,,0.001485309000,   0.06000,
,,,0.001485309200,   0.06200,
,,,0.001485309400,   0.06400,
,,,0.001485309600,   0.06600,
,,,0.001485309800,   0.06800,
,,,0.001485310000,   0.07000,
,,,0.001485310200,   0.07200,
,,,0.001485310400,   0.07400,
,,,0.001485310600,   0.07800,
,,,0.001485310800,   0.08000,
,,,0.001485311000,   0.08200,
,,,0.001485311200,   0.08400,
,,,0.001485311400,   0.08600,
,,,0.001485311600,   0.09000,
,,,0.001485311800,   0.09200,
,,,0.001485312000,   0.09400,
,,,0.001485312200,   0.09600,
,,,0.001485312400,   0.09800,
,,,0.001485312600,   0.10200,
,,,0.001485312800,   0.10400,
,,,0.001485313000,   0.10600,
,,,0.001485313200,   0.10800,
,,,0.001485313400,   0.11000,
,,,0.001485313600,   0.11200,
,,,0.001485313800,   0.11200,
,,,0.001485314000,   0.11400,
,,,0.001485314200,   0.11400,
,,,0.001485314400,   0.11400,
,,,0.001485314600,   0.11400,
,,,0.001485314800,   0.11400,
,,,0.001485315000,   0.11600,
,,,0.001485315200,   0.11800,
,,,0.001485315400,   0.11800,
,,,0.001485315600,   0.11800,
,,,0.001485315800,   0.11600,
,,,0.001485316000,   0.11600,
,,,0.001485316200,   0.11400,
,,,0.001485316400,   0.11200,
,,,0.001485316600,   0.11200,
,,,0.001485316800,   0.11000,
,,,0.001485317000,   0.10800,
,,,0.001485317200,   0.10800,
,,,0.001485317400,   0.10800,
,,,0.001485317600,   0.10800,
,,,0.001485317800,   0.10600,
,,,0.001485318000,   0.10600,
,,,0.001485318200,   0.10400,
,,,0.001485318400,   0.10200,
,,,0.001485318600,   0.10000,
,,,0.001485318800,   0.09800,
,,,0.001485319000,   0.09600,
,,,0.001485319200,   0.09400,
,,,0.001485319400,   0.09200,
,,,0.001485319600,   0.09000,
,,,0.001485319800,   0.08600,
,,,0.001485320000,   0.08400,
,,,0.001485320200,   0.08200,
,,,0.001485320400,   0.08000,
,,,0.001485320600,   0.08000,
,,,0.001485320800,   0.07800,
,,,0.001485321000,   0.07600,
,,,0.001485321200,   0.07400,
,,,0.001485321400,   0.07200,
,,,0.001485321600,   0.07200,
,,,0.001485321800,   0.07000,
,,,0.001485322000,   0.06800,
,,,0.001485322200,   0.06600,
,,,0.001485322400,   0.06600,
,,,0.001485322600,   0.06400,
,,,0.001485322800,   0.06000,
,,,0.001485323000,   0.05800,
,,,0.001485323200,   0.05600,
,,,0.001485323400,   0.05400,
,,,0.001485323600,   0.05200,
,,,0.001485323800,   0.05000,
,,,0.001485324000,   0.05000,
,,,0.001485324200,   0.04800,
,,,0.001485324400,   0.04600,
,,,0.001485324600,   0.04600,
,,,0.001485324800,   0.04400,
,,,0.001485325000,   0.04400,
,,,0.001485325200,   0.04200,
,,,0.001485325400,   0.04000,
,,,0.001485325600,   0.03800,
,,,0.001485325800,   0.03600,
,,,0.001485326000,   0.03600,
,,,0.001485326200,   0.03600,
,,,0.001485326400,   0.03600,
,,,0.001485326600,   0.03600,
,,,0.001485326800,   0.03400,
,,,0.001485327000,   0.03400,
,,,0.001485327200,   0.03200,
,,,0.001485327400,   0.03000,
,,,0.001485327600,   0.03000,
,,,0.001485327800,   0.02800,
,,,0.001485328000,   0.02600,
,,,0.001485328200,   0.02400,
,,,0.001485328400,   0.02400,
,,,0.001485328600,   0.02400,
,,,0.001485328800,   0.02400,
,,,0.001485329000,   0.02400,
,,,0.001485329200,   0.02200,
,,,0.001485329400,   0.02200,
,,,0.001485329600,   0.02200,
,,,0.001485329800,   0.02000,
,,,0.001485330000,   0.02000,
,,,0.001485330200,   0.01800,
,,,0.001485330400,   0.01800,
,,,0.001485330600,   0.01800,
,,,0.001485330800,   0.01600,
,,,0.001485331000,   0.01600,
,,,0.001485331200,   0.01600,
,,,0.001485331400,   0.01600,
,,,0.001485331600,   0.01600,
,,,0.001485331800,   0.01400,
,,,0.001485332000,   0.01200,
,,,0.001485332200,   0.01000,
,,,0.001485332400,   0.01000,
,,,0.001485332600,   0.01000,
,,,0.001485332800,   0.01000,
,,,0.001485333000,   0.01000,
,,,0.001485333200,   0.01200,
,,,0.001485333400,   0.01000,
,,,0.001485333600,   0.01000,
,,,0.001485333800,   0.00800,
,,,0.001485334000,   0.00800,
,,,0.001485334200,   0.00800,
,,,0.001485334400,   0.00800,
,,,0.001485334600,   0.01000,
,,,0.001485334800,   0.00800,
,,,0.001485335000,   0.00800,
,,,0.001485335200,   0.00800,
,,,0.001485335400,   0.00600,
,,,0.001485335600,   0.00800,
,,,0.001485335800,   0.00800,
,,,0.001485336000,   0.00800,
,,,0.001485336200,   0.01000,
,,,0.001485336400,   0.01000,
,,,0.001485336600,   0.01000,
,,,0.001485336800,   0.00800,
,,,0.001485337000,   0.00600,
,,,0.001485337200,   0.00600,
,,,0.001485337400,   0.00600,
,,,0.001485337600,   0.00600,
,,,0.001485337800,   0.00600,
,,,0.001485338000,   0.00600,
,,,0.001485338200,   0.00600,
,,,0.001485338400,   0.00600,
,,,0.001485338600,   0.00600,
,,,0.001485338800,   0.00400,
,,,0.001485339000,   0.00400,
,,,0.001485339200,   0.00200,
,,,0.001485339400,   0.00000,
,,,0.001485339600,   0.00000,
,,,0.001485339800,  -0.00200,
,,,0.001485340000,   0.00000,
,,,0.001485340200,   0.00000,
,,,0.001485340400,   0.00000,
,,,0.001485340600,   0.00000,
,,,0.001485340800,  -0.00200,
,,,0.001485341000,  -0.00200,
,,,0.001485341200,  -0.00200,
,,,0.001485341400,   0.00000,
,,,0.001485341600,   0.00200,
,,,0.001485341800,   0.00200,
,,,0.001485342000,   0.00400,
,,,0.001485342200,   0.00200,
,,,0.001485342400,   0.00200,
,,,0.001485342600,   0.00200,
,,,0.001485342800,   0.00200,
,,,0.001485343000,   0.00200,
,,,0.001485343200,   0.00000,
,,,0.001485343400,   0.00000,
,,,0.001485343600,   0.00000,
,,,0.001485343800,  -0.00200,
,,,0.001485344000,   0.00000,
,,,0.001485344200,   0.00000,
,,,0.001485344400,   0.00000,
,,,0.001485344600,   0.00200,
,,,0.001485344800,   0.00200,
,,,0.001485345000,   0.00200,
,,,0.001485345200,   0.00200,
,,,0.001485345400,   0.00200,
,,,0.001485345600,   0.00400,
,,,0.001485345800,   0.00200,
,,,0.001485346000,   0.00200,
,,,0.001485346200,   0.00200,
,,,0.001485346400,   0.00200,
,,,0.001485346600,   0.00200,
,,,0.001485346800,   0.00000,
,,,0.001485347000,   0.00000,
,,,0.001485347200,   0.00000,
,,,0.001485347400,  -0.00200,
,,,0.001485347600,   0.00000,
,,,0.001485347800,   0.00000,
,,,0.001485348000,   0.00000,
,,,0.001485348200,   0.00000,
,,,0.001485348400,   0.00000,
,,,0.001485348600,   0.00000,
,,,0.001485348800,   0.00000,
,,,0.001485349000,   0.00000,
,,,0.001485349200,   0.00200,
,,,0.001485349400,   0.00200,
,,,0.001485349600,   0.00200,
,,,0.001485349800,   0.00200,
,,,0.001485350000,   0.00200,
,,,0.001485350200,   0.00200,
,,,0.001485350400,   0.00200,
,,,0.001485350600,   0.00200,
,,,0.001485350800,   0.00000,
,,,0.001485351000,  -0.00200,
,,,0.001485351200,  -0.00200,
,,,0.001485351400,  -0.00200,
,,,0.001485351600,  -0.00200,
,,,0.001485351800,  -0.00400,
,,,0.001485352000,  -0.00200,
,,,0.001485352200,  -0.00200,
,,,0.001485352400,   0.00000,
,,,0.001485352600,   0.00200,
,,,0.001485352800,   0.00200,
,,,0.001485353000,   0.00200,
,,,0.001485353200,   0.00000,
,,,0.001485353400,   0.00000,
,,,0.001485353600,   0.00000,
,,,0.001485353800,   0.00000,
,,,0.001485354000,   0.00000,
,,,0.001485354200,   0.00000,
,,,0.001485354400,   0.00000,
,,,0.001485354600,   0.00000,
,,,0.001485354800,   0.00000,
,,,0.001485355000,   0.00000,
,,,0.001485355200,   0.00000,
,,,0.001485355400,   0.00000,
,,,0.001485355600,   0.00000,
,,,0.001485355800,   0.00000,
,,,0.001485356000,   0.00000,
,,,0.001485356200,   0.00000,
,,,0.001485356400,   0.00000,
,,,0.001485356600,   0.00200,
,,,0.001485356800,   0.00000,
,,,0.001485357000,   0.00000,
,,,0.001485357200,   0.00000,
,,,0.001485357400,  -0.00200,
,,,0.001485357600,   0.00000,
,,,0.001485357800,   0.00000,
,,,0.001485358000,   0.00000,
,,,0.001485358200,   0.00000,
,,,0.001485358400,   0.00000,
,,,0.001485358600,   0.00000,
,,,0.001485358800,   0.00000,
,,,0.001485359000,   0.00000,
,,,0.001485359200,   0.00200,
,,,0.001485359400,   0.00200,
,,,0.001485359600,   0.00200,
,,,0.001485359800,   0.00200,
,,,0.001485360000,   0.00200,
,,,0.001485360200,   0.00200,
,,,0.001485360400,   0.00200,
,,,0.001485360600,   0.00200,
,,,0.001485360800,   0.00000,
,,,0.001485361000,   0.00000,
,,,0.001485361200,   0.00000,
,,,0.001485361400,  -0.00200,
,,,0.001485361600,   0.00000,
,,,0.001485361800,   0.00000,
,,,0.001485362000,   0.00200,
,,,0.001485362200,   0.00000,
,,,0.001485362400,   0.00000,
,,,0.001485362600,  -0.00200,
,,,0.001485362800,  -0.00400,
,,,0.001485363000,  -0.00400,
,,,0.001485363200,  -0.00400,
,,,0.001485363400,  -0.00600,
,,,0.001485363600,  -0.00400,
,,,0.001485363800,  -0.00400,
,,,0.001485364000,  -0.00400,
,,,0.001485364200,  -0.00200,
,,,0.001485364400,  -0.00200,
,,,0.001485364600,   0.00000,
,,,0.001485364800,  -0.00200,
,,,0.001485365000,  -0.00200,
,,,0.001485365200,  -0.00200,
,,,0.001485365400,  -0.00200,
,,,0.001485365600,   0.00000,
,,,0.001485365800,   0.00000,
,,,0.001485366000,   0.00000,
,,,0.001485366200,  -0.00200,
,,,0.001485366400,  -0.00200,
,,,0.001485366600,  -0.00200,
,,,0.001485366800,  -0.00200,
,,,0.001485367000,  -0.00200,
,,,0.001485367200,  -0.00200,
,,,0.001485367400,  -0.00200,
,,,0.001485367600,  -0.00200,
,,,0.001485367800,  -0.00400,
,,,0.001485368000,  -0.00200,
,,,0.001485368200,  -0.00200,
,,,0.001485368400,   0.00000,
,,,0.001485368600,   0.00200,
,,,0.001485368800,   0.00000,
,,,0.001485369000,   0.00000,
,,,0.001485369200,  -0.00200,
,,,0.001485369400,  -0.00200,
,,,0.001485369600,  -0.00200,
,,,0.001485369800,  -0.00400,
,,,0.001485370000,  -0.00200,
,,,0.001485370200,  -0.00200,
,,,0.001485370400,  -0.00200,
,,,0.001485370600,   0.00000,
,,,0.001485370800,   0.00000,
,,,0.001485371000,   0.00000,
,,,0.001485371200,   0.00000,
,,,0.001485371400,   0.00000,
,,,0.001485371600,   0.00000,
,,,0.001485371800,  -0.00200,
,,,0.001485372000,  -0.00200,
,,,0.001485372200,  -0.00400,
,,,0.001485372400,  -0.00400,
,,,0.001485372600,  -0.00400,
,,,0.001485372800,  -0.00600,
,,,0.001485373000,  -0.00400,
,,,0.001485373200,  -0.00400,
,,,0.001485373400,  -0.00400,
,,,0.001485373600,  -0.00200,
,,,0.001485373800,  -0.00200,
,,,0.001485374000,  -0.00200,
,,,0.001485374200,  -0.00200,
,,,0.001485374400,  -0.00200,
,,,0.001485374600,   0.00000,
,,,0.001485374800,   0.00000,
,,,0.001485375000,   0.00000,
,,,0.001485375200,  -0.00200,
,,,0.001485375400,  -0.00200,
,,,0.001485375600,  -0.00200,
,,,0.001485375800,  -0.00400,
,,,0.001485376000,  -0.00200,
,,,0.001485376200,  -0.00200,
,,,0.001485376400,  -0.00200,
,,,0.001485376600,   0.00000,
,,,0.001485376800,   0.00000,
,,,0.001485377000,   0.00000,
,,,0.001485377200,   0.00000,
,,,0.001485377400,   0.00000,
,,,0.001485377600,   0.00200,
,,,0.001485377800,   0.00200,
,,,0.001485378000,   0.00200,
,,,0.001485378200,   0.00000,
,,,0.001485378400,   0.00000,
,,,0.001485378600,   0.00000,
,,,0.001485378800,   0.00000,
,,,0.001485379000,   0.00000,
,,,0.001485379200,   0.00000,
,,,0.001485379400,   0.00000,
,,,0.001485379600,   0.00000,
,,,0.001485379800,   0.00000,
,,,0.001485380000,   0.00000,
,,,0.001485380200,   0.00000,
,,,0.001485380400,   0.00000,
,,,0.001485380600,   0.00000,
,,,0.001485380800,   0.00000,
,,,0.001485381000,   0.00000,
,,,0.001485381200,  -0.00200,
,,,0.001485381400,  -0.00200,
,,,0.001485381600,  -0.00200,
,,,0.001485381800,  -0.00200,
,,,0.001485382000,  -0.00200,
,,,0.001485382200,  -0.00200,
,,,0.001485382400,  -0.00200,
,,,0.001485382600,  -0.00200,
,,,0.001485382800,  -0.00200,
,,,0.001485383000,  -0.00200,
,,,0.001485383200,  -0.00200,
,,,0.001485383400,  -0.00200,
,,,0.001485383600,  -0.00200,
,,,0.001485383800,  -0.00200,
,,,0.001485384000,  -0.00200,
,,,0.001485384200,  -0.00200,
,,,0.001485384400,  -0.00200,
,,,0.001485384600,  -0.00200,
,,,0.001485384800,  -0.00200,
,,,0.001485385000,  -0.00200,
,,,0.001485385200,  -0.00200,
,,,0.001485385400,  -0.00400,
,,,0.001485385600,  -0.00200,
,,,0.001485385800,  -0.00200,
,,,0.001485386000,   0.00000,
,,,0.001485386200,   0.00200,
,,,0.001485386400,   0.00200,
,,,0.001485386600,   0.00200,
,,,0.001485386800,   0.00000,
,,,0.001485387000,   0.00000,
,,,0.001485387200,   0.00000,
,,,0.001485387400,   0.00000,
,,,0.001485387600,   0.00000,
,,,0.001485387800,   0.00000,
,,,0.001485388000,   0.00000,
,,,0.001485388200,  -0.00200,
,,,0.001485388400,  -0.00200,
,,,0.001485388600,  -0.00200,
,,,0.001485388800,  -0.00400,
,,,0.001485389000,  -0.00200,
,,,0.001485389200,  -0.00200,
,,,0.001485389400,  -0.00200,
,,,0.001485389600,   0.00000,
,,,0.001485389800,  -0.00200,
,,,0.001485390000,  -0.00200,
,,,0.001485390200,  -0.00200,
,,,0.001485390400,  -0.00200,
,,,0.001485390600,   0.00000,
,,,0.001485390800,   0.00000,
,,,0.001485391000,   0.00200,
,,,0.001485391200,   0.00200,
,,,0.001485391400,   0.00000,
,,,0.001485391600,   0.00000,
,,,0.001485391800,  -0.00200,
,,,0.001485392000,  -0.00200,
,,,0.001485392200,  -0.00200,
,,,0.001485392400,  -0.00200,
,,,0.001485392600,   0.00000,
,,,0.001485392800,  -0.00200,
,,,0.001485393000,  -0.00200,
,,,0.001485393200,  -0.00200,
,,,0.001485393400,  -0.00200,
,,,0.001485393600,   0.00000,
,,,0.001485393800,   0.00000,
,,,0.001485394000,   0.00000,
,,,0.001485394200,   0.00000,
,,,0.001485394400,   0.00000,
,,,0.001485394600,   0.00200,
,,,0.001485394800,   0.00000,
,,,0.001485395000,   0.00000,
,,,0.001485395200,  -0.00200,
,,,0.001485395400,  -0.00200,
,,,0.001485395600,  -0.00200,
,,,0.001485395800,  -0.00200,
,,,0.001485396000,  -0.00200,
,,,0.001485396200,  -0.00200,
,,,0.001485396400,  -0.00200,
,,,0.001485396600,  -0.00200,
,,,0.001485396800,  -0.00400,
,,,0.001485397000,  -0.00400,
,,,0.001485397200,  -0.00400,
,,,0.001485397400,  -0.00400,
,,,0.001485397600,  -0.00200,
,,,0.001485397800,  -0.00200,
,,,0.001485398000,   0.00000,
,,,0.001485398200,  -0.00200,
,,,0.001485398400,  -0.00200,
,,,0.001485398600,  -0.00200,
,,,0.001485398800,  -0.00200,
,,,0.001485399000,  -0.00200,
,,,0.001485399200,  -0.00200,
,,,0.001485399400,  -0.00200,
,,,0.001485399600,  -0.00200,
,,,0.001485399800,  -0.00200,
,,,0.001485400000,  -0.00200,
,,,0.001485400200,   0.00000,
,,,0.001485400400,   0.00000,
,,,0.001485400600,   0.00000,
,,,0.001485400800,   0.00000,
,,,0.001485401000,   0.00000,
,,,0.001485401200,   0.00200,
,,,0.001485401400,   0.00200,
,,,0.001485401600,   0.00200,
,,,0.001485401800,   0.00000,
,,,0.001485402000,   0.00000,
,,,0.001485402200,   0.00000,
,,,0.001485402400,   0.00000,
,,,0.001485402600,   0.00000,
,,,0.001485402800,  -0.00200,
,,,0.001485403000,  -0.00200,
,,,0.001485403200,  -0.00200,
,,,0.001485403400,  -0.00200,
,,,0.001485403600,  -0.00200,
,,,0.001485403800,  -0.00200,
,,,0.001485404000,  -0.00200,
,,,0.001485404200,  -0.00400,
,,,0.001485404400,  -0.00400,
,,,0.001485404600,  -0.00400,
,,,0.001485404800,  -0.00600,
,,,0.001485405000,  -0.00400,
,,,0.001485405200,  -0.00400,
,,,0.001485405400,  -0.00400,
,,,0.001485405600,  -0.00200,
,,,0.001485405800,  -0.00200,
,,,0.001485406000,   0.00000,
,,,0.001485406200,   0.00000,
,,,0.001485406400,  -0.00200,
,,,0.001485406600,  -0.00200,
,,,0.001485406800,  -0.00400,
,,,0.001485407000,  -0.00400,
,,,0.001485407200,  -0.00600,
,,,0.001485407400,  -0.00600,
,,,0.001485407600,  -0.00400,
,,,0.001485407800,  -0.00400,
,,,0.001485408000,  -0.00200,
,,,0.001485408200,   0.00000,
,,,0.001485408400,   0.00200,
,,,0.001485408600,   0.00200,
,,,0.001485408800,   0.00000,
,,,0.001485409000,  -0.00200,
,,,0.001485409200,  -0.00400,
,,,0.001485409400,  -0.00400,
,,,0.001485409600,  -0.00200,
,,,0.001485409800,  -0.00200,
,,,0.001485410000,  -0.00200,
,,,0.001485410200,   0.00000,
,,,0.001485410400,   0.00000,
,,,0.001485410600,   0.00000,
,,,0.001485410800,  -0.00200,
,,,0.001485411000,  -0.00200,
,,,0.001485411200,  -0.00200,
,,,0.001485411400,  -0.00200,
,,,0.001485411600,   0.00000,
,,,0.001485411800,  -0.00200,
,,,0.001485412000,  -0.00200,
,,,0.001485412200,  -0.00200,
,,,0.001485412400,  -0.00200,
,,,0.001485412600,  -0.00200,
,,,0.001485412800,  -0.00200,
,,,0.001485413000,  -0.00200,
,,,0.001485413200,  -0.00200,
,,,0.001485413400,  -0.00400,
,,,0.001485413600,  -0.00200,
,,,0.001485413800,  -0.00200,
,,,0.001485414000,   0.00000,
,,,0.001485414200,   0.00200,
,,,0.001485414400,   0.00200,
,,,0.001485414600,   0.00200,
,,,0.001485414800,   0.00200,
,,,0.001485415000,   0.00200,
,,,0.001485415200,   0.00000,
,,,0.001485415400,   0.00000,
,,,0.001485415600,   0.00000,
,,,0.001485415800,   0.00000,
,,,0.001485416000,   0.00000,
,,,0.001485416200,   0.00000,
,,,0.001485416400,   0.00000,
,,,0.001485416600,   0.00000,
,,,0.001485416800,   0.00000,
,,,0.001485417000,   0.00000,
,,,0.001485417200,   0.00000,
,,,0.001485417400,   0.00000,
,,,0.001485417600,   0.00000,
,,,0.001485417800,   0.00000,
,,,0.001485418000,   0.00000,
,,,0.001485418200,   0.00200,
,,,0.001485418400,   0.00000,
,,,0.001485418600,   0.00000,
,,,0.001485418800,  -0.00200,
,,,0.001485419000,  -0.00200,
,,,0.001485419200,  -0.00200,
,,,0.001485419400,  -0.00200,
,,,0.001485419600,   0.00000,
,,,0.001485419800,  -0.00200,
,,,0.001485420000,  -0.00200,
,,,0.001485420200,  -0.00200,
,,,0.001485420400,  -0.00200,
,,,0.001485420600,   0.00000,
,,,0.001485420800,  -0.00200,
,,,0.001485421000,  -0.00200,
,,,0.001485421200,  -0.00200,
,,,0.001485421400,  -0.00400,
,,,0.001485421600,  -0.00200,
,,,0.001485421800,  -0.00200,
,,,0.001485422000,  -0.00200,
,,,0.001485422200,  -0.00200,
,,,0.001485422400,  -0.00200,
,,,0.001485422600,  -0.00200,
,,,0.001485422800,  -0.00200,
,,,0.001485423000,   0.00000,
,,,0.001485423200,   0.00200,
,,,0.001485423400,   0.00200,
,,,0.001485423600,   0.00200,
,,,0.001485423800,   0.00000,
,,,0.001485424000,  -0.00200,
,,,0.001485424200,  -0.00200,
,,,0.001485424400,  -0.00200,
,,,0.001485424600,   0.00000,
,,,0.001485424800,   0.00000,
,,,0.001485425000,   0.00000,
,,,0.001485425200,  -0.00200,
,,,0.001485425400,  -0.00200,
,,,0.001485425600,  -0.00200,
,,,0.001485425800,  -0.00400,
,,,0.001485426000,  -0.00200,
,,,0.001485426200,  -0.00200,
,,,0.001485426400,  -0.00200,
,,,0.001485426600,   0.00000,
,,,0.001485426800,   0.00000,
,,,0.001485427000,   0.00000,
,,,0.001485427200,   0.00000,
,,,0.001485427400,   0.00000,
,,,0.001485427600,   0.00200,
,,,0.001485427800,   0.00200,
,,,0.001485428000,   0.00200,
,,,0.001485428200,   0.00000,
,,,0.001485428400,   0.00000,
,,,0.001485428600,   0.00000,
,,,0.001485428800,   0.00000,
,,,0.001485429000,   0.00000,
,,,0.001485429200,  -0.00200,
,,,0.001485429400,  -0.00200,
,,,0.001485429600,  -0.00200,
,,,0.001485429800,  -0.00400,
,,,0.001485430000,  -0.00400,
,,,0.001485430200,  -0.00200,
,,,0.001485430400,   0.00000,
,,,0.001485430600,   0.00200,
,,,0.001485430800,   0.00000,
,,,0.001485431000,   0.00000,
,,,0.001485431200,  -0.00200,
,,,0.001485431400,  -0.00200,
,,,0.001485431600,  -0.00200,
,,,0.001485431800,  -0.00200,
,,,0.001485432000,  -0.00200,
,,,0.001485432200,   0.00000,
,,,0.001485432400,   0.00000,
,,,0.001485432600,   0.00000,
,,,0.001485432800,   0.00000,
,,,0.001485433000,   0.00000,
,,,0.001485433200,   0.00200,
,,,0.001485433400,   0.00200,
,,,0.001485433600,   0.00200,
,,,0.001485433800,   0.00000,
,,,0.001485434000,  -0.00200,
,,,0.001485434200,  -0.00400,
,,,0.001485434400,  -0.00400,
,,,0.001485434600,  -0.00200,
,,,0.001485434800,  -0.00200,
,,,0.001485435000,  -0.00200,
,,,0.001485435200,   0.00000,
,,,0.001485435400,   0.00000,
,,,0.001485435600,   0.00200,
,,,0.001485435800,   0.00000,
,,,0.001485436000,   0.00000,
,,,0.001485436200,  -0.00200,
,,,0.001485436400,  -0.00200,
,,,0.001485436600,  -0.00200,
,,,0.001485436800,  -0.00400,
,,,0.001485437000,  -0.00200,
,,,0.001485437200,  -0.00200,
,,,0.001485437400,  -0.00200,
,,,0.001485437600,   0.00000,
,,,0.001485437800,   0.00000,
,,,0.001485438000,   0.00000,
,,,0.001485438200,  -0.00200,
,,,0.001485438400,  -0.00200,
,,,0.001485438600,  -0.00200,
,,,0.001485438800,  -0.00400,
,,,0.001485439000,  -0.00400,
,,,0.001485439200,  -0.00400,
,,,0.001485439400,  -0.00400,
,,,0.001485439600,  -0.00200,
,,,0.001485439800,  -0.00200,
,,,0.001485440000,  -0.00200,
,,,0.001485440200,  -0.00200,
,,,0.001485440400,  -0.00200,
,,,0.001485440600,   0.00000,
,,,0.001485440800,   0.00000,
,,,0.001485441000,   0.00000,
,,,0.001485441200,   0.00000,
,,,0.001485441400,   0.00000,
,,,0.001485441600,   0.00000,
,,,0.001485441800,   0.00000,
,,,0.001485442000,   0.00000,
,,,0.001485442200,   0.00000,
,,,0.001485442400,   0.00000,
,,,0.001485442600,   0.00000,
,,,0.001485442800,   0.00000,
,,,0.001485443000,   0.00000,
,,,0.001485443200,   0.00000,
,,,0.001485443400,   0.00000,
,,,0.001485443600,   0.00000,
,,,0.001485443800,   0.00000,
,,,0.001485444000,   0.00000,
,,,0.001485444200,   0.00000,
,,,0.001485444400,   0.00000,
,,,0.001485444600,   0.00000,
,,,0.001485444800,  -0.00200,
,,,0.001485445000,  -0.00200,
,,,0.001485445200,  -0.00400,
,,,0.001485445400,  -0.00400,
,,,0.001485445600,  -0.00400,
,,,0.001485445800,  -0.00400,
,,,0.001485446000,  -0.00400,
,,,0.001485446200,  -0.00200,
,,,0.001485446400,  -0.00200,
,,,0.001485446600,   0.00000,
,,,0.001485446800,   0.00000,
,,,0.001485447000,   0.00000,
,,,0.001485447200,   0.00000,
,,,0.001485447400,   0.00000,
,,,0.001485447600,   0.00000,
,,,0.001485447800,   0.00000,
,,,0.001485448000,   0.00000,
,,,0.001485448200,   0.00000,
,,,0.001485448400,   0.00000,
,,,0.001485448600,   0.00000,
,,,0.001485448800,  -0.00200,
,,,0.001485449000,  -0.00200,
,,,0.001485449200,  -0.00400,
,,,0.001485449400,  -0.00400,
,,,0.001485449600,  -0.00400,
,,,0.001485449800,  -0.00400,
,,,0.001485450000,  -0.00400,
,,,0.001485450200,  -0.00200,
,,,0.001485450400,  -0.00200,
,,,0.001485450600,   0.00000,
,,,0.001485450800,  -0.00200,
,,,0.001485451000,  -0.00200,
,,,0.001485451200,  -0.00200,
,,,0.001485451400,  -0.00400,
,,,0.001485451600,  -0.00200,
,,,0.001485451800,  -0.00200,
,,,0.001485452000,  -0.00200,
,,,0.001485452200,   0.00000,
,,,0.001485452400,   0.00000,
,,,0.001485452600,   0.00000,
,,,0.001485452800,   0.00000,
,,,0.001485453000,   0.00000,
,,,0.001485453200,   0.00000,
,,,0.001485453400,   0.00000,
,,,0.001485453600,   0.00000,
,,,0.001485453800,   0.00000,
,,,0.001485454000,   0.00000,
,,,0.001485454200,  -0.00200,
,,,0.001485454400,  -0.00200,
,,,0.001485454600,  -0.00200,
,,,0.001485454800,  -0.00200,
,,,0.001485455000,  -0.00200,
,,,0.001485455200,   0.00000,
,,,0.001485455400,  -0.00200,
,,,0.001485455600,  -0.00200,
,,,0.001485455800,  -0.00400,
,,,0.001485456000,  -0.00400,
,,,0.001485456200,  -0.00400,
,,,0.001485456400,  -0.00400,
,,,0.001485456600,  -0.00400,
,,,0.001485456800,  -0.00400,
,,,0.001485457000,  -0.00400,
,,,0.001485457200,  -0.00400,
,,,0.001485457400,  -0.00400,
,,,0.001485457600,  -0.00200,
,,,0.001485457800,  -0.00200,
,,,0.001485458000,  -0.00200,
,,,0.001485458200,  -0.00200,
,,,0.001485458400,  -0.00200,
,,,0.001485458600,  -0.00200,
,,,0.001485458800,  -0.00200,
,,,0.001485459000,  -0.00200,
,,,0.001485459200,  -0.00200,
,,,0.001485459400,  -0.00200,
,,,0.001485459600,  -0.00200,
,,,0.001485459800,  -0.00200,
,,,0.001485460000,  -0.00200,
,,,0.001485460200,   0.00000,
,,,0.001485460400,   0.00000,
,,,0.001485460600,   0.00000,
,,,0.001485460800,   0.00000,
,,,0.001485461000,   0.00000,
,,,0.001485461200,  -0.00200,
,,,0.001485461400,  -0.00200,
,,,0.001485461600,  -0.00200,
,,,0.001485461800,  -0.00200,
,,,0.001485462000,  -0.00200,
,,,0.001485462200,  -0.00200,
,,,0.001485462400,  -0.00200,
,,,0.001485462600,  -0.00200,
,,,0.001485462800,  -0.00200,
,,,0.001485463000,  -0.00200,
,,,0.001485463200,  -0.00200,
,,,0.001485463400,  -0.00200,
,,,0.001485463600,  -0.00200,
,,,0.001485463800,  -0.00200,
,,,0.001485464000,  -0.00200,
,,,0.001485464200,   0.00000,
,,,0.001485464400,   0.00200,
,,,0.001485464600,   0.00400,
,,,0.001485464800,   0.00400,
,,,0.001485465000,   0.00400,
,,,0.001485465200,   0.00400,
,,,0.001485465400,   0.00400,
,,,0.001485465600,   0.00400,
,,,0.001485465800,   0.00200,
,,,0.001485466000,   0.00000,
,,,0.001485466200,   0.00000,
,,,0.001485466400,   0.00000,
,,,0.001485466600,   0.00000,
,,,0.001485466800,   0.00000,
,,,0.001485467000,   0.00000,
,,,0.001485467200,   0.00000,
,,,0.001485467400,   0.00000,
,,,0.001485467600,   0.00000,
,,,0.001485467800,   0.00000,
,,,0.001485468000,   0.00000,
,,,0.001485468200,  -0.00200,
,,,0.001485468400,  -0.00400,
,,,0.001485468600,  -0.00400,
,,,0.001485468800,  -0.00600,
,,,0.001485469000,  -0.00600,
,,,0.001485469200,  -0.00400,
,,,0.001485469400,  -0.00200,
,,,0.001485469600,   0.00000,
,,,0.001485469800,   0.00000,
,,,0.001485470000,   0.00000,
,,,0.001485470200,  -0.00200,
,,,0.001485470400,  -0.00200,
,,,0.001485470600,  -0.00200,
,,,0.001485470800,  -0.00200,
,,,0.001485471000,   0.00000,
,,,0.001485471200,   0.00200,
,,,0.001485471400,   0.00200,
,,,0.001485471600,   0.00200,
,,,0.001485471800,   0.00000,
,,,0.001485472000,   0.00000,
,,,0.001485472200,   0.00000,
,,,0.001485472400,  -0.00200,
,,,0.001485472600,   0.00000,
,,,0.001485472800,   0.00000,
,,,0.001485473000,   0.00000,
,,,0.001485473200,   0.00000,
,,,0.001485473400,   0.00000,
,,,0.001485473600,   0.00000,
,,,0.001485473800,  -0.00200,
,,,0.001485474000,   0.00000,
,,,0.001485474200,   0.00000,
,,,0.001485474400,   0.00000,
,,,0.001485474600,   0.00200,
,,,0.001485474800,   0.00000,
,,,0.001485475000,   0.00000,
,,,0.001485475200,   0.00000,
,,,0.001485475400,   0.00000,
,,,0.001485475600,   0.00000,
,,,0.001485475800,  -0.00200,
,,,0.001485476000,  -0.00200,
,,,0.001485476200,  -0.00200,
,,,0.001485476400,  -0.00200,
,,,0.001485476600,   0.00000,
,,,0.001485476800,   0.00000,
,,,0.001485477000,   0.00000,
,,,0.001485477200,  -0.00200,
,,,0.001485477400,  -0.00200,
,,,0.001485477600,  -0.00200,
,,,0.001485477800,  -0.00400,
,,,0.001485478000,  -0.00200,
,,,0.001485478200,  -0.00200,
,,,0.001485478400,  -0.00200,
,,,0.001485478600,   0.00000,
,,,0.001485478800,  -0.00200,
,,,0.001485479000,  -0.00200,
,,,0.001485479200,  -0.00200,
,,,0.001485479400,  -0.00400,
,,,0.001485479600,  -0.00200,
,,,0.001485479800,  -0.00200,
,,,0.001485480000,  -0.00200,
,,,0.001485480200,  -0.00200,
,,,0.001485480400,  -0.00200,
,,,0.001485480600,  -0.00200,
,,,0.001485480800,  -0.00400,
,,,0.001485481000,  -0.00200,
,,,0.001485481200,  -0.00200,
,,,0.001485481400,  -0.00200,
,,,0.001485481600,   0.00000,
,,,0.001485481800,  -0.00200,
,,,0.001485482000,  -0.00200,
,,,0.001485482200,  -0.00200,
,,,0.001485482400,  -0.00400,
,,,0.001485482600,  -0.00200,
,,,0.001485482800,  -0.00200,
,,,0.001485483000,  -0.00200,
,,,0.001485483200,   0.00000,
,,,0.001485483400,   0.00000,
,,,0.001485483600,   0.00000,
,,,0.001485483800,  -0.00200,
,,,0.001485484000,  -0.00200,
,,,0.001485484200,  -0.00200,
,,,0.001485484400,  -0.00200,
,,,0.001485484600,   0.00000,
,,,0.001485484800,  -0.00200,
,,,0.001485485000,  -0.00200,
,,,0.001485485200,  -0.00200,
,,,0.001485485400,  -0.00400,
,,,0.001485485600,  -0.00200,
,,,0.001485485800,  -0.00200,
,,,0.001485486000,  -0.00200,
,,,0.001485486200,  -0.00200,
,,,0.001485486400,  -0.00200,
,,,0.001485486600,  -0.00200,
,,,0.001485486800,  -0.00200,
,,,0.001485487000,  -0.00200,
,,,0.001485487200,   0.00000,
,,,0.001485487400,   0.00000,
,,,0.001485487600,   0.00000,
,,,0.001485487800,  -0.00200,
,,,0.001485488000,  -0.00400,
,,,0.001485488200,  -0.00600,
,,,0.001485488400,  -0.00600,
,,,0.001485488600,  -0.00400,
,,,0.001485488800,  -0.00400,
,,,0.001485489000,  -0.00400,
,,,0.001485489200,  -0.00400,
,,,0.001485489400,  -0.00400,
,,,0.001485489600,  -0.00400,
,,,0.001485489800,  -0.00400,
,,,0.001485490000,  -0.00400,
,,,0.001485490200,  -0.00200,
,,,0.001485490400,  -0.00200,
,,,0.001485490600,  -0.00200,
,,,0.001485490800,  -0.00200,
,,,0.001485491000,  -0.00200,
,,,0.001485491200,  -0.00200,
,,,0.001485491400,  -0.00200,
,,,0.001485491600,  -0.00200,
,,,0.001485491800,  -0.00200,
,,,0.001485492000,  -0.00200,
,,,0.001485492200,  -0.00200,
,,,0.001485492400,  -0.00400,
,,,0.001485492600,  -0.00200,
,,,0.001485492800,  -0.00200,
,,,0.001485493000,   0.00000,
,,,0.001485493200,   0.00200,
,,,0.001485493400,   0.00000,
,,,0.001485493600,   0.00000,
,,,0.001485493800,  -0.00200,
,,,0.001485494000,  -0.00200,
,,,0.001485494200,  -0.00200,
,,,0.001485494400,  -0.00200,
,,,0.001485494600,   0.00000,
,,,0.001485494800,  -0.00200,
,,,0.001485495000,  -0.00200,
,,,0.001485495200,  -0.00200,
,,,0.001485495400,  -0.00400,
,,,0.001485495600,  -0.00200,
,,,0.001485495800,  -0.00200,
,,,0.001485496000,  -0.00200,
,,,0.001485496200,   0.00000,
,,,0.001485496400,   0.00000,
,,,0.001485496600,   0.00000,
,,,0.001485496800,  -0.00200,
,,,0.001485497000,  -0.00400,
,,,0.001485497200,  -0.00400,
,,,0.001485497400,  -0.00400,
,,,0.001485497600,  -0.00200,
,,,0.001485497800,  -0.00200,
,,,0.001485498000,  -0.00200,
,,,0.001485498200,  -0.00400,
,,,0.001485498400,  -0.00400,
,,,0.001485498600,  -0.00400,
,,,0.001485498800,  -0.00600,
,,,0.001485499000,  -0.00600,
,,,0.001485499200,  -0.00400,
,,,0.001485499400,  -0.00200,
,,,0.001485499600,   0.00000,
,,,0.001485499800,   0.00000,
,,,0.001485500000,   0.00000,
,,,0.001485500200,   0.00000,
,,,0.001485500400,   0.00000,
,,,0.001485500600,   0.00200,
,,,0.001485500800,   0.00000,
,,,0.001485501000,   0.00000,
,,,0.001485501200,   0.00000,
,,,0.001485501400,   0.00000,
,,,0.001485501600,   0.00200,
,,,0.001485501800,   0.00200,
,,,0.001485502000,   0.00200,
,,,0.001485502200,   0.00000,
,,,0.001485502400,  -0.00200,
,,,0.001485502600,  -0.00200,
,,,0.001485502800,  -0.00200,
,,,0.001485503000,  -0.00200,
,,,0.001485503200,   0.00000,
,,,0.001485503400,   0.00000,
,,,0.001485503600,   0.00000,
,,,0.001485503800,  -0.00200,
,,,0.001485504000,  -0.00200,
,,,0.001485504200,  -0.00200,
,,,0.001485504400,  -0.00400,
,,,0.001485504600,  -0.00200,
,,,0.001485504800,  -0.00200,
,,,0.001485505000,  -0.00200,
,,,0.001485505200,   0.00000,
,,,0.001485505400,   0.00000,
,,,0.001485505600,   0.00000,
,,,0.001485505800,  -0.00200,
,,,0.001485506000,  -0.00400,
,,,0.001485506200,  -0.00600,
,,,0.001485506400,  -0.00600,
,,,0.001485506600,  -0.00400,
,,,0.001485506800,  -0.00400,
,,,0.001485507000,  -0.00400,
,,,0.001485507200,  -0.00200,
,,,0.001485507400,  -0.00200,
,,,0.001485507600,  -0.00200,
,,,0.001485507800,  -0.00200,
,,,0.001485508000,  -0.00200,
,,,0.001485508200,  -0.00200,
,,,0.001485508400,  -0.00200,
,,,0.001485508600,  -0.00200,
,,,0.001485508800,  -0.00200,
,,,0.001485509000,  -0.00200,
,,,0.001485509200,  -0.00200,
,,,0.001485509400,  -0.00200,
,,,0.001485509600,  -0.00200,
,,,0.001485509800,  -0.00400,
,,,0.001485510000,  -0.00200,
,,,0.001485510200,  -0.00200,
,,,0.001485510400,  -0.00200,
,,,0.001485510600,   0.00000,
,,,0.001485510800,  -0.00200,
,,,0.001485511000,  -0.00200,
,,,0.001485511200,  -0.00200,
,,,0.001485511400,  -0.00400,
,,,0.001485511600,  -0.00200,
,,,0.001485511800,  -0.00200,
,,,0.001485512000,  -0.00200,
,,,0.001485512200,   0.00000,
,,,0.001485512400,   0.00000,
,,,0.001485512600,   0.00000,
,,,0.001485512800,  -0.00200,
,,,0.001485513000,  -0.00400,
,,,0.001485513200,  -0.00600,
,,,0.001485513400,  -0.00600,
,,,0.001485513600,  -0.00400,
,,,0.001485513800,  -0.00400,
,,,0.001485514000,  -0.00400,
,,,0.001485514200,  -0.00200,
,,,0.001485514400,  -0.00200,
,,,0.001485514600,  -0.00200,
,,,0.001485514800,  -0.00200,
,,,0.001485515000,  -0.00200,
,,,0.001485515200,  -0.00200,
,,,0.001485515400,  -0.00200,
,,,0.001485515600,  -0.00200,
,,,0.001485515800,  -0.00200,
,,,0.001485516000,  -0.00200,
,,,0.001485516200,   0.00000,
,,,0.001485516400,   0.00000,
,,,0.001485516600,   0.00000,
,,,0.001485516800,   0.00000,
,,,0.001485517000,   0.00000,
,,,0.001485517200,   0.00000,
,,,0.001485517400,   0.00000,
,,,0.001485517600,   0.00000,
,,,0.001485517800,   0.00000,
,,,0.001485518000,   0.00000,
,,,0.001485518200,  -0.00200,
,,,0.001485518400,  -0.00200,
,,,0.001485518600,  -0.00200,
,,,0.001485518800,  -0.00200,
,,,0.001485519000,  -0.00200,
,,,0.001485519200,   0.00000,
,,,0.001485519400,   0.00000,
,,,0.001485519600,   0.00000,
,,,0.001485519800,  -0.00200,
,,,0.001485520000,  -0.00200,
,,,0.001485520200,  -0.00200,
,,,0.001485520400,  -0.00200,
,,,0.001485520600,   0.00000,
,,,0.001485520800,  -0.00200,
,,,0.001485521000,  -0.00200,
,,,0.001485521200,  -0.00200,
,,,0.001485521400,  -0.00200,
,,,0.001485521600,   0.00000,
,,,0.001485521800,   0.00000,
,,,0.001485522000,   0.00000,
,,,0.001485522200,   0.00000,
,,,0.001485522400,   0.00000,
,,,0.001485522600,   0.00200,
,,,0.001485522800,   0.00200,
,,,0.001485523000,   0.00200,
,,,0.001485523200,   0.00000,
,,,0.001485523400,  -0.00200,
,,,0.001485523600,  -0.00200,
,,,0.001485523800,  -0.00400,
,,,0.001485524000,  -0.00200,
,,,0.001485524200,  -0.00200,
,,,0.001485524400,  -0.00200,
,,,0.001485524600,  -0.00200,
,,,0.001485524800,  -0.00200,
,,,0.001485525000,  -0.00200,
,,,0.001485525200,  -0.00200,
,,,0.001485525400,  -0.00200,
,,,0.001485525600,  -0.00200,
,,,0.001485525800,  -0.00200,
,,,0.001485526000,  -0.00200,
,,,0.001485526200,   0.00000,
,,,0.001485526400,   0.00000,
,,,0.001485526600,   0.00000,
,,,0.001485526800,  -0.00200,
,,,0.001485527000,  -0.00200,
,,,0.001485527200,  -0.00200,
,,,0.001485527400,  -0.00200,
,,,0.001485527600,  -0.00200,
,,,0.001485527800,  -0.00200,
,,,0.001485528000,  -0.00200,
,,,0.001485528200,  -0.00200,
,,,0.001485528400,  -0.00400,
,,,0.001485528600,  -0.00200,
,,,0.001485528800,  -0.00200,
,,,0.001485529000,   0.00000,
,,,0.001485529200,   0.00200,
,,,0.001485529400,   0.00200,
,,,0.001485529600,   0.00200,
,,,0.001485529800,  -0.00200,
,,,0.001485530000,  -0.00400,
,,,0.001485530200,  -0.00600,
,,,0.001485530400,  -0.00600,
,,,0.001485530600,  -0.00400,
,,,0.001485530800,  -0.00400,
,,,0.001485531000,  -0.00400,
,,,0.001485531200,  -0.00200,
,,,0.001485531400,  -0.00200,
,,,0.001485531600,  -0.00200,
,,,0.001485531800,  -0.00200,
,,,0.001485532000,  -0.00200,
,,,0.001485532200,   0.00000,
,,,0.001485532400,   0.00000,
,,,0.001485532600,   0.00000,
,,,0.001485532800,   0.00000,
,,,0.001485533000,   0.00000,
,,,0.001485533200,  -0.00200,
,,,0.001485533400,  -0.00200,
,,,0.001485533600,  -0.00200,
,,,0.001485533800,  -0.00400,
,,,0.001485534000,  -0.00400,
,,,0.001485534200,  -0.00200,
,,,0.001485534400,   0.00000,
,,,0.001485534600,   0.00200,
,,,0.001485534800,   0.00200,
,,,0.001485535000,   0.00200,
,,,0.001485535200,   0.00200,
,,,0.001485535400,   0.00200,
,,,0.001485535600,   0.00200,
,,,0.001485535800,   0.00000,
,,,0.001485536000,   0.00000,
,,,0.001485536200,   0.00000,
,,,0.001485536400,   0.00000,
,,,0.001485536600,   0.00000,
,,,0.001485536800,  -0.00200,
,,,0.001485537000,  -0.00200,
,,,0.001485537200,  -0.00200,
,,,0.001485537400,  -0.00200,
,,,0.001485537600,  -0.00200,
,,,0.001485537800,  -0.00200,
,,,0.001485538000,  -0.00200,
,,,0.001485538200,  -0.00200,
,,,0.001485538400,  -0.00200,
,,,0.001485538600,   0.00000,
,,,0.001485538800,  -0.00200,
,,,0.001485539000,  -0.00200,
,,,0.001485539200,  -0.00200,
,,,0.001485539400,  -0.00200,
,,,0.001485539600,   0.00000,
,,,0.001485539800,   0.00000,
,,,0.001485540000,   0.00000,
,,,0.001485540200,  -0.00200,
,,,0.001485540400,  -0.00200,
,,,0.001485540600,  -0.00200,
,,,0.001485540800,  -0.00400,
,,,0.001485541000,  -0.00200,
,,,0.001485541200,  -0.00200,
,,,0.001485541400,  -0.00200,
,,,0.001485541600,   0.00000,
,,,0.001485541800,   0.00000,
,,,0.001485542000,   0.00200,
,,,0.001485542200,   0.00000,
,,,0.001485542400,   0.00000,
,,,0.001485542600,   0.00000,
,,,0.001485542800,   0.00000,
,,,0.001485543000,   0.00000,
,,,0.001485543200,   0.00200,
,,,0.001485543400,   0.00000,
,,,0.001485543600,   0.00000,
,,,0.001485543800,  -0.00200,
,,,0.001485544000,  -0.00200,
,,,0.001485544200,  -0.00200,
,,,0.001485544400,  -0.00200,
,,,0.001485544600,  -0.00200,
,,,0.001485544800,  -0.00200,
,,,0.001485545000,  -0.00200,
,,,0.001485545200,  -0.00200,
,,,0.001485545400,  -0.00200,
,,,0.001485545600,   0.00000,
,,,0.001485545800,   0.00000,
,,,0.001485546000,   0.00000,
,,,0.001485546200,   0.00000,
,,,0.001485546400,   0.00000,
,,,0.001485546600,   0.00000,
,,,0.001485546800,  -0.00200,
,,,0.001485547000,  -0.00200,
,,,0.001485547200,  -0.00400,
,,,0.001485547400,  -0.00400,
,,,0.001485547600,  -0.00400,
,,,0.001485547800,  -0.00600,
,,,0.001485548000,  -0.00400,
,,,0.001485548200,  -0.00400,
,,,0.001485548400,  -0.00400,
,,,0.001485548600,  -0.00200,
,,,0.001485548800,  -0.00400,
,,,0.001485549000,  -0.00400,
,,,0.001485549200,  -0.00400,
,,,0.001485549400,  -0.00400,
,,,0.001485549600,  -0.00200,
,,,0.001485549800,  -0.00200,
,,,0.001485550000,  -0.00200,
,,,0.001485550200,  -0.00200,
,,,0.001485550400,  -0.00200,
,,,0.001485550600,   0.00000,
,,,0.001485550800,   0.00000,
,,,0.001485551000,   0.00000,
,,,0.001485551200,  -0.00200,
,,,0.001485551400,  -0.00200,
,,,0.001485551600,  -0.00200,
,,,0.001485551800,  -0.00400,
,,,0.001485552000,  -0.00200,
,,,0.001485552200,  -0.00200,
,,,0.001485552400,  -0.00200,
,,,0.001485552600,   0.00000,
,,,0.001485552800,   0.00000,
,,,0.001485553000,   0.00000,
,,,0.001485553200,   0.00000,
,,,0.001485553400,   0.00000,
,,,0.001485553600,   0.00000,
,,,0.001485553800,   0.00000,
,,,0.001485554000,   0.00000,
,,,0.001485554200,   0.00000,
,,,0.001485554400,   0.00000,
,,,0.001485554600,   0.00000,
,,,0.001485554800,   0.00000,
,,,0.001485555000,   0.00000,
,,,0.001485555200,  -0.00200,
,,,0.001485555400,  -0.00400,
,,,0.001485555600,  -0.00400,
,,,0.001485555800,  -0.00600,
,,,0.001485556000,  -0.00600,
,,,0.001485556200,  -0.00400,
,,,0.001485556400,  -0.00400,
,,,0.001485556600,  -0.00200,
,,,0.001485556800,  -0.00200,
,,,0.001485557000,  -0.00200,
,,,0.001485557200,  -0.00200,
,,,0.001485557400,  -0.00200,
,,,0.001485557600,   0.00000,
,,,0.001485557800,   0.00000,
,,,0.001485558000,   0.00000,
,,,0.001485558200,  -0.00200,
,,,0.001485558400,  -0.00200,
,,,0.001485558600,  -0.00200,
,,,0.001485558800,  -0.00200,
,,,0.001485559000,  -0.00200,
,,,0.001485559200,  -0.00200,
,,,0.001485559400,  -0.00200,
,,,0.001485559600,  -0.00200,
,,,0.001485559800,  -0.00200,
,,,0.001485560000,  -0.00200,
,,,0.001485560200,  -0.00200,
,,,0.001485560400,  -0.00200,
,,,0.001485560600,  -0.00200,
,,,0.001485560800,  -0.00200,
,,,0.001485561000,  -0.00200,
,,,0.001485561200,   0.00000,
,,,0.001485561400,   0.00000,
,,,0.001485561600,   0.00000,
,,,0.001485561800,   0.00000,
,,,0.001485562000,   0.00000,
,,,0.001485562200,   0.00200,
,,,0.001485562400,   0.00200,
,,,0.001485562600,   0.00200,
,,,0.001485562800,   0.00000,
,,,0.001485563000,  -0.00200,
,,,0.001485563200,  -0.00200,
,,,0.001485563400,  -0.00200,
,,,0.001485563600,  -0.00200,
,,,0.001485563800,  -0.00200,
,,,0.001485564000,  -0.00200,
,,,0.001485564200,  -0.00200,
,,,0.001485564400,  -0.00200,
,,,0.001485564600,  -0.00200,
,,,0.001485564800,  -0.00200,
,,,0.001485565000,  -0.00200,
,,,0.001485565200,  -0.00400,
,,,0.001485565400,  -0.00400,
,,,0.001485565600,  -0.00400,
,,,0.001485565800,  -0.00400,
,,,0.001485566000,  -0.00400,
,,,0.001485566200,  -0.00200,
,,,0.001485566400,  -0.00200,
,,,0.001485566600,   0.00000,
,,,0.001485566800,   0.00000,
,,,0.001485567000,   0.00000,
,,,0.001485567200,  -0.00200,
,,,0.001485567400,  -0.00200,
,,,0.001485567600,  -0.00200,
,,,0.001485567800,  -0.00400,
,,,0.001485568000,  -0.00400,
,,,0.001485568200,  -0.00200,
,,,0.001485568400,   0.00000,
,,,0.001485568600,   0.00200,
,,,0.001485568800,   0.00200,
,,,0.001485569000,   0.00200,
,,,0.001485569200,   0.00000,
,,,0.001485569400,   0.00000,
,,,0.001485569600,   0.00000,
,,,0.001485569800,   0.00000,
,,,0.001485570000,   0.00000,
,,,0.001485570200,   0.00000,
,,,0.001485570400,   0.00000,
,,,0.001485570600,   0.00000,
,,,0.001485570800,  -0.00200,
,,,0.001485571000,  -0.00200,
,,,0.001485571200,  -0.00400,
,,,0.001485571400,  -0.00400,
,,,0.001485571600,  -0.00400,
,,,0.001485571800,  -0.00400,
,,,0.001485572000,  -0.00400,
,,,0.001485572200,  -0.00400,
,,,0.001485572400,  -0.00400,
,,,0.001485572600,  -0.00400,
,,,0.001485572800,  -0.00600,
,,,0.001485573000,  -0.00400,
,,,0.001485573200,  -0.00400,
,,,0.001485573400,  -0.00400,
,,,0.001485573600,  -0.00200,
,,,0.001485573800,  -0.00400,
,,,0.001485574000,  -0.00400,
,,,0.001485574200,  -0.00400,
,,,0.001485574400,  -0.00400,
,,,0.001485574600,  -0.00200,
,,,0.001485574800,  -0.00400,
,,,0.001485575000,  -0.00400,
,,,0.001485575200,  -0.00400,
,,,0.001485575400,  -0.00400,
,,,0.001485575600,  -0.00200,
,,,0.001485575800,  -0.00200,
,,,0.001485576000,  -0.00200,
,,,0.001485576200,  -0.00200,
,,,0.001485576400,  -0.00200,
,,,0.001485576600,  -0.00200,
,,,0.001485576800,  -0.00200,
,,,0.001485577000,  -0.00200,
,,,0.001485577200,   0.00000,
,,,0.001485577400,   0.00000,
,,,0.001485577600,   0.00000,
,,,0.001485577800,  -0.00200,
,,,0.001485578000,  -0.00200,
,,,0.001485578200,  -0.00200,
,,,0.001485578400,  -0.00200,
,,,0.001485578600,   0.00000,
,,,0.001485578800,   0.00000,
,,,0.001485579000,   0.00000,
,,,0.001485579200,  -0.00200,
,,,0.001485579400,  -0.00400,
,,,0.001485579600,  -0.00400,
,,,0.001485579800,  -0.00400,
,,,0.001485580000,  -0.00400,
,,,0.001485580200,  -0.00200,
,,,0.001485580400,  -0.00200,
,,,0.001485580600,   0.00000,
,,,0.001485580800,  -0.00200,
,,,0.001485581000,  -0.00400,
,,,0.001485581200,  -0.00600,
,,,0.001485581400,  -0.00600,
,,,0.001485581600,  -0.00400,
,,,0.001485581800,  -0.00400,
,,,0.001485582000,  -0.00400,
,,,0.001485582200,  -0.00200,
,,,0.001485582400,  -0.00200,
,,,0.001485582600,  -0.00200,
,,,0.001485582800,  -0.00400,
,,,0.001485583000,  -0.00400,
,,,0.001485583200,  -0.00400,
,,,0.001485583400,  -0.00600,
,,,0.001485583600,  -0.00400,
,,,0.001485583800,  -0.00400,
,,,0.001485584000,  -0.00400,
,,,0.001485584200,  -0.00200,
,,,0.001485584400,  -0.00200,
,,,0.001485584600,  -0.00200,
,,,0.001485584800,  -0.00200,
,,,0.001485585000,  -0.00200,
,,,0.001485585200,   0.00000,
,,,0.001485585400,   0.00000,
,,,0.001485585600,   0.00000,
,,,0.001485585800,   0.00000,
,,,0.001485586000,   0.00000,
,,,0.001485586200,   0.00200,
,,,0.001485586400,   0.00200,
,,,0.001485586600,   0.00200,
,,,0.001485586800,   0.00000,
,,,0.001485587000,  -0.00200,
,,,0.001485587200,  -0.00400,
,,,0.001485587400,  -0.00400,
,,,0.001485587600,  -0.00200,
,,,0.001485587800,  -0.00200,
,,,0.001485588000,  -0.00200,
,,,0.001485588200,   0.00000,
,,,0.001485588400,   0.00000,
,,,0.001485588600,   0.00000,
,,,0.001485588800,   0.00000,
,,,0.001485589000,   0.00000,
,,,0.001485589200,   0.00000,
,,,0.001485589400,   0.00000,
,,,0.001485589600,   0.00000,
,,,0.001485589800,   0.00000,
,,,0.001485590000,   0.00000,
,,,0.001485590200,   0.00000,
,,,0.001485590400,   0.00000,
,,,0.001485590600,   0.00000,
,,,0.001485590800,   0.00000,
,,,0.001485591000,   0.00000,
,,,0.001485591200,   0.00000,
,,,0.001485591400,   0.00000,
,,,0.001485591600,   0.00000,
,,,0.001485591800,   0.00000,
,,,0.001485592000,   0.00000,
,,,0.001485592200,   0.00200,
,,,0.001485592400,   0.00200,
,,,0.001485592600,   0.00200,
,,,0.001485592800,   0.00000,
,,,0.001485593000,   0.00000,
,,,0.001485593200,  -0.00200,
,,,0.001485593400,  -0.00200,
,,,0.001485593600,  -0.00200,
,,,0.001485593800,  -0.00200,
,,,0.001485594000,  -0.00200,
,,,0.001485594200,  -0.00400,
,,,0.001485594400,  -0.00400,
,,,0.001485594600,  -0.00400,
,,,0.001485594800,  -0.00400,
,,,0.001485595000,  -0.00400,
,,,0.001485595200,  -0.00200,
,,,0.001485595400,  -0.00200,
,,,0.001485595600,  -0.00200,
,,,0.001485595800,  -0.00200,
,,,0.001485596000,  -0.00200,
,,,0.001485596200,  -0.00200,
,,,0.001485596400,  -0.00200,
,,,0.001485596600,  -0.00200,
,,,0.001485596800,  -0.00200,
,,,0.001485597000,  -0.00200,
,,,0.001485597200,  -0.00400,
,,,0.001485597400,  -0.00400,
,,,0.001485597600,  -0.00400,
,,,0.001485597800,  -0.00400,
